created_at,full_text,sentimen,,,91,8
Fri Jan 12 23:59:47 +0000 2024,@bdjkdkdgnd @griselruiz88 @jokowi @prabowo @gibran_tweet @aniesbaswedan @ganjarpranowo @puanmaharani_ri @Ghurem2 @ribonk @ARSIPAJA Ahh anda aja yg terlalu membuat2 drama,,,,,
Fri Jan 12 23:59:40 +0000 2024,@yozariam Wakakaka geli anjer  Bikin prabowo gibran juga dong  Genre age - gap,,,,,
Fri Jan 12 23:59:34 +0000 2024,"Pendukung Ganjar dan AMIN Beralih ke Prabowo-Gibran, Siap Menangkan Satu Putaran https://t.co/YvoAz2T8Cv",positif,,,,
Fri Jan 12 23:59:00 +0000 2024,Melki Laka Lena Tegaskan Penyusunan RUU Kesehatan Libatkan Partisipasi Publik #airlanggahartarto #kuningkeren #PrabowoGibran #partaigolkar #golkarpedia https://t.co/KdicW7oPB2,,,,,
Fri Jan 12 23:58:41 +0000 2024,"@TeddGus @prabowo @gibran_tweet Dari dulukan lembaga survey kerjaan nya memang gitu, menggiring opini lewat alat surveynya yang didanai pemodal besar",,,,,
Fri Jan 12 23:58:34 +0000 2024,Indonesia membutuhkan pemimpin yang berani dan kuat. #kodekita08 PilihPrabowoGibran02 Prabowo dan Gibran adalah jawabannya. #kodekita08 PilihPrabowoGibran02,positif,,,,
Fri Jan 12 23:58:15 +0000 2024,Saya yakin Prabowo dan Gibran akan membawa perubahan yang positif. #kodekita08 PilihPrabowoGibran02,positif,,,,
Fri Jan 12 23:58:05 +0000 2024,"Prabowo dan Gibran, teruslah berjuang demi Indonesia yang lebih baik. #kodekita08 PilihPrabowoGibran02",positif,,,,
Fri Jan 12 23:57:50 +0000 2024,@WaktunyaIDMaju Ini baru namanya kampanye sangat kreatif bukan menjatuhkan lawan keren nih 02 emng Prabowo Gibran gada lawan,positif,,,,
Fri Jan 12 23:57:49 +0000 2024,@bdjkdkdgnd @griselruiz88 @jokowi @prabowo @gibran_tweet @aniesbaswedan @ganjarpranowo @puanmaharani_ri @devy_casanofa @alisyarief @Dew0W1snu Kamu ini bukannya lagi ngegiring opini kalau survei itu bayaran ya?,,,,,
Fri Jan 12 23:57:43 +0000 2024,@TeddGus @prabowo @gibran_tweet Kalau udah yakin menang gak usah koar-koar mas. Nanti kalau kalah gimana? Malu sendirikan jadinya,,,,,
Fri Jan 12 23:57:23 +0000 2024,Kami mendukung Prabowo dan Gibran dalam upaya mereka untuk memimpin Indonesia menuju kemakmuran. #kodekita08 PilihPrabowoGibran02,positif,,,,
Fri Jan 12 23:56:54 +0000 2024,"Prabowo dan Gibran, teruskan perjuanganmu. #kodekita08 PilihPrabowoGibran02 Kami percaya pada kalian. #kodekita08 PilihPrabowoGibran02",positif,,,,
Fri Jan 12 23:56:51 +0000 2024,@bdjkdkdgnd @gorunbiraz3 @jokowi @prabowo @gibran_tweet @ganjarpranowo @puanmaharani_ri @Putri_Everhart @berlianidris Biar tua tapi paling memiliki prestasi dan track record terbaik,positif,,,,
Fri Jan 12 23:56:17 +0000 2024,@benjimascolo222 @griselruiz88 @jokowi @prabowo @gibran_tweet @aniesbaswedan @ganjarpranowo @puanmaharani_ri @Jelli_cent @okkymadasari @03__nakula Prabowo Gibran jangan lupa yaa,,,,,
Fri Jan 12 23:56:06 +0000 2024,Relawan Pragib 2024 Deklarasi Dukung Prabowo-Gibran - detikNews https://t.co/gR7z6UHOq0 #IndonesiaKuatIndonesiaMaju #DiplomasiProgresif02 #02Melanjutkan,positif,,,,
Fri Jan 12 23:55:42 +0000 2024,@tempodotco Terus lanjutkan pembangunan IKN bersama prabowo Gibran,positif,,,,
Fri Jan 12 23:55:35 +0000 2024,@PartaiSocmed @arbainrambey Foto itu memang g ada hubungan langsung sama @prabowo. Foto itu mengingatkan bejatnya putusan 90 yg membalik proses reformasi yg diraih dengan pengorbanan besar. Dan @gibran_tweet lahir sebagai cawapres lewat putusan bejat itu. #JanganPilihPrabowo #AsalBukan02 #JanganPilihGibran,negatif,,,,
Fri Jan 12 23:55:13 +0000 2024,@tempodotco Makin yakin prabowo gibran bisa membawa perubahan lewat IKB,positif,,,,
Fri Jan 12 23:55:07 +0000 2024,@WaktunyaIDMaju Keren ya kreatif banget jadi mudah di ingat pokoknya Prabowo-Gibran mantap,positif,,,,
Fri Jan 12 23:55:05 +0000 2024,@bdjkdkdgnd @griselruiz88 @jokowi @prabowo @gibran_tweet @aniesbaswedan @ganjarpranowo @puanmaharani_ri @akupadi5 @bentangnegeri @Putri_Everhart Masih aja main isu lama mas,,,,,
Fri Jan 12 23:54:47 +0000 2024,@tempodotco IKN lebih berkembang baik bersama Prabowo Gibran,positif,,,,
Fri Jan 12 23:54:36 +0000 2024,Rencana TKN Prabowo-Gibran Laporkan 'Achtung' Bisa Berpengaruh Pada Elektabilitas https://t.co/HVcYu25Tt4,,,,,
Fri Jan 12 23:53:49 +0000 2024,"@OposisiCerdas pendukung 02 tidak playing victim, hanya fokus untuk memenangkan Prabowo Gibran",positif,,,,
Fri Jan 12 23:53:46 +0000 2024,@CNNIndonesia Prabowo gibran memiliki program yang sangat luar biasa lohh memikirkan yang terbaik untuk rakyat Indonesia,positif,,,,
Fri Jan 12 23:53:29 +0000 2024,"@RcyberProj0 @Gerindra @gibran_tweet @prabowo @budimuni98 @handoko2411 @Projo_Pusat @FALDA81 Tambah sering upload survei2 kayak gini, netizen bakal milih yg angkanya sedikit krn biasanya rakyat indonesia pengasih üòÑ",,,,,
Fri Jan 12 23:53:18 +0000 2024,"@TeddGus @prabowo @gibran_tweet Akan tetapi Prabowo Gibran tidak jumawa, tidak sibuk mengurusi calon lain."" Ketawa guee mah..""",positif,,,,
Fri Jan 12 23:52:15 +0000 2024,"@KompasTV Yaaa wajar lah klu Bu Khofifah menentukan pilihannya, toh dia jga punya nilai plus tersendiri bagi pak Prabowo n Gibran.",positif,,,,
Fri Jan 12 23:52:06 +0000 2024,@tempodotco Prabowo Gibran siap meneruskan pembangunan IKN sampai sukses,positif,,,,
Fri Jan 12 23:52:00 +0000 2024,"@TeddGus @prabowo @gibran_tweet Atur aja Boss, lue kan penguasa ‚Ä¶",,,,,
Fri Jan 12 23:51:50 +0000 2024,@tempodotco Tetap optimis menang satu putaran prabowo gibran,positif,,,,
Fri Jan 12 23:51:44 +0000 2024,"@CNNIndonesia Program prabowo gibran pokoknnya yang terbaik di antara program capres yang lain""",positif,,,,
Fri Jan 12 23:51:37 +0000 2024,@tempodotco Dukung terus pembangunan IKN bersama Prabowo Gibran,positif,,,,
Fri Jan 12 23:51:23 +0000 2024,Masa depan Indonesia yang lebih baik ada di tangan Prabowo dan Gibran. #kodekita08 PilihPrabowoGibran02,positif,,,,
Fri Jan 12 23:51:08 +0000 2024,@tempodotco IKN akan terus bertumbuh pesat di bawah kepemimpinan Prabowo Gibran,positif,,,,
Fri Jan 12 23:51:05 +0000 2024,@bdjkdkdgnd @gorunbiraz3 @jokowi @prabowo @gibran_tweet @aniesbaswedan @ganjarpranowo @puanmaharani_ri @fais21804461 @zy_zy_its_me @akupadi5 Bilang sama lembaga surveinya dong,,,,,
Fri Jan 12 23:50:58 +0000 2024,@tempodotco Walapun pembahasan itu kami tetap mendukung prabowo gibran,positif,,,,
Fri Jan 12 23:50:53 +0000 2024,"@TeddGus @prabowo @gibran_tweet Ted, UDAH CAIR ya, Awoawoawoawokkkk üòÄ, Mas Wowo @prabowo BISA jadi Hat-Trick Kekalahannya 2024 ini saran aja nanti jangan Sujud syukur seperti 2014 &amp  2019 Sangat Memalukan üòÄüôè 2014 malahan lembaga survey kasih mas Bowo diatas 60% partai2 BESAR dipihak mas Bowo, TAPI ZOOOKKK üò≠",,,,,
Fri Jan 12 23:50:42 +0000 2024,@tempodotco Hanya Prabowo Gibran yang mendukung IKN,positif,,,,
Fri Jan 12 23:50:39 +0000 2024,@CNNIndonesia Visi misi dan gagasan prabowo gibran terbaik untuk kemajuan rakyat Indonesia,positif,,,,
Fri Jan 12 23:49:59 +0000 2024,@bdjkdkdgnd @griselruiz88 @jokowi @prabowo @gibran_tweet @aniesbaswedan @ganjarpranowo @puanmaharani_ri @cobeh2022 @Miduk17 @UyokBack Yah ngehalu kasian amat,negatif,,,,
Fri Jan 12 23:49:49 +0000 2024,"@beaebenji93 @griselruiz88 @jokowi @prabowo @gibran_tweet @aniesbaswedan @ganjarpranowo @puanmaharani_ri @cobeh2022 @Miduk17 @UyokBack Terserah, tiap orang punya pilihannya masing2",,,,,
Fri Jan 12 23:49:10 +0000 2024,@benjimascolo222 @griselruiz88 @jokowi @prabowo @gibran_tweet @aniesbaswedan @ganjarpranowo @puanmaharani_ri @cobeh2022 @Miduk17 @UyokBack Dukungan untuknya terus mengalis luar biasa,positif,,,,
Fri Jan 12 23:49:04 +0000 2024,"@TeddGus @prabowo @gibran_tweet Akan terulang lagi dan polanya persis, saat itu Ahok mulutnya kotor dan saat ini kata-kata tak pantas telah keluar dari mulut Prabowo https://t.co/VLEPd6vUpN",,,,,
Fri Jan 12 23:49:00 +0000 2024,@WaktunyaIDMaju cakeeeep min!! Selalu aja deh tim kampanye Prabowo-Gibran kreatif banget.. bikin pemilu lebih berwarna dan ceria,positif,,,,
Fri Jan 12 23:48:34 +0000 2024,"@beaebenji93 @griselruiz88 @jokowi @prabowo @gibran_tweet @aniesbaswedan @ganjarpranowo @puanmaharani_ri @YepryR @ForRezim @Jen_syie Banyak banget loh survei yang bilang Prabowo menang, mungkin dari internal 01 sendiri sudah mensurvei dan yang menang pasti tetap Pak Prabowo",,,,,
Fri Jan 12 23:48:07 +0000 2024,Kami mendukung Prabowo dan Gibran dalam upaya mereka untuk memimpin Indonesia menuju kemakmuran. #kodekita08 PilihPrabowoGibran02,positif,,,,
Fri Jan 12 23:47:56 +0000 2024,"@Andria75777 @Yurissa_Samosir @as_siglie @5t3v3n_P3g3L @hc_poirot @abu_waras @choymarkochoy @CutSarina5 @Malika6027 @ekowboy2 Timbul anyiiiiiiing, dah emosian pembohong pula @andre_rosiade @habiburokhman @Dahnilanzar @prabowo @gibran_tweet @aniesbaswedan @cakimiNOW @ganjarpranowo @mohmahfudmd @AndiSinulingga",,,,,
Fri Jan 12 23:47:46 +0000 2024,@Alie_Fahnoor @MilasariAry @Jul3aRhma3 @dewiteruna @Sorali_lali @NoMeycan @nurasmi69 Alhamdulillah... setelah 01 &amp  03 blunder memberikan nilai kepada @prabowo waktu debat banyak yang bermigrasi ke #PrabowoGibran .. rakyat jijik melihat capres yg hanya bisa menilai orang tapi lupa menilai diri sendiri,,,,,
Fri Jan 12 23:47:22 +0000 2024,@este_dra @AjizGame @TeddGus @prabowo @gibran_tweet Hah? Wkwk,,,,,
Fri Jan 12 23:47:02 +0000 2024,@benjimascolo222 @griselruiz88 @jokowi @prabowo @gibran_tweet @aniesbaswedan @ganjarpranowo @puanmaharani_ri @YepryR @ForRezim @Jen_syie Kerenn bangüëç,,,,,
Fri Jan 12 23:46:25 +0000 2024,"@Aguskmpot @CakKhum @Fahrihamzah Betul, makanya getol jilat prabowo gibran  Siapa tau dapet posisi  Tapi ntar udah mati matian, tau tau di lepeh hahaha",negatif,,,,
Fri Jan 12 23:46:15 +0000 2024,@bdjkdkdgnd @griselruiz88 @jokowi @prabowo @gibran_tweet @aniesbaswedan @ganjarpranowo @puanmaharani_ri @YepryR @ForRezim @Jen_syie Sembarangan amat ngomongnya,,,,,
Fri Jan 12 23:45:30 +0000 2024,@OposisiCerdas Prabowo Gibran makin hari makin semangat dan optimis,positif,,,,
Fri Jan 12 23:45:17 +0000 2024,Makar segera tangkap @jokowi @prabowo @gibran_tweet @kaesangp @ListyoSigitP #DSM https://t.co/2jzCW75rSA,,,,,
Fri Jan 12 23:45:15 +0000 2024,"@TeddGus @prabowo @gibran_tweet Si abang ini tabah banget pendapatnya dibantah dg logika dan data yg masuk akal juga tetap bersih2 calonnya, coba lah bang berfikir seandainya bukan sbg pendukung calon lihat pendapat abang lucu2 sumpah.",,,,,
Fri Jan 12 23:45:06 +0000 2024,@OposisiCerdas Nggak ada lagi yang bisa menandingi kepemimpinan Seperti Prabowo Gibran,positif,,,,
Fri Jan 12 23:44:57 +0000 2024,"@TeddGus @prabowo @gibran_tweet Imitatif, wajah rentanya dimanipulasi graphic AI",,,,,
Fri Jan 12 23:44:47 +0000 2024,@TeddGus @prabowo @gibran_tweet Tenang aja..pak @prabowo   Dengan kami  TIDAK memilihmu itu bentuk bantuan kami mewujudkan keinginanmu... https://t.co/Uh5grcMumh,,,,,
Fri Jan 12 23:44:42 +0000 2024,@OposisiCerdas Prabowo Gibran kan yang layak meneruskan kepemimpinan negara ini,positif,,,,
Fri Jan 12 23:44:35 +0000 2024,"@Hasbil_Lbs @prabowo @gibran_tweet Aku kira para. politisi itu pintar2 ternyata zonk semua buktinya masih mau mendukung keputusan sesat anak haram konstitusi, anda2 MUNAFIK TAK LAYAK JADI PANUTAN APALAGI JADI PEMIMPIN KAMI, KAMI MUAK",negatif,,,,
Fri Jan 12 23:44:25 +0000 2024,@Akangmasku @prabowo @gibran_tweet @Gerindra @PartaiGolkar Memang nya nga netral sebagai Presiden...,,,,,
Fri Jan 12 23:44:19 +0000 2024,@OposisiCerdas Tetap optimis dan semangat untuk Prabowo Gibran,positif,,,,
Fri Jan 12 23:43:29 +0000 2024,"Standar Jawa: Bibit, Bebet, Bobot  Standar Islam : Sidig, Amanah, Tablig, Fatonah  Prabowo Gibran TIDAK STANDAR Blaaaas",,,,,
Fri Jan 12 23:43:25 +0000 2024,@RcyberProj0 @Gerindra @gibran_tweet @prabowo @budimuni98 @handoko2411 @Projo_Pusat @FALDA81 Lebih percaya hasil pemilu dari pada hasil survey.,,,,,
Fri Jan 12 23:43:02 +0000 2024,"@Hasbil_Lbs @prabowo @gibran_tweet Kalo curang pasti bisa satu putaran, kalo netral yakin 02 jungkal tak bisa masuk 2 putaran",negatif,,,,
Fri Jan 12 23:42:42 +0000 2024,"Penculikan atau tidak , aku tetap pilih Anies .Cukup Rekam Jejak Anies menjadi acuan.  TKN Prabowo-Gibran Sebut Ada Potensi Kecurangan dan Digagalkannya Pemilu 2024 https://t.co/ZyS6x3JyWa",,,,,
Fri Jan 12 23:42:22 +0000 2024,@TeddGus @prabowo @gibran_tweet Fakta yg kami alami di lapangan berbeda. Awas rencana jahat ada didepan mata,,,,,
Fri Jan 12 23:41:10 +0000 2024,@gus_muslih @JokoPintar2 @prabowo @gibran_tweet berarti Pki atau komunis aja,,,,,
Fri Jan 12 23:40:37 +0000 2024,@NKRI5758 @RcyberProj0 @Gerindra @gibran_tweet @prabowo @budimuni98 @handoko2411 @Projo_Pusat @FALDA81 @jokowi Emang apa bagusnya program jokowi sampe ngotot hrs dilanjutkan lg,,,,,
Fri Jan 12 23:39:43 +0000 2024,@bdjkdkdgnd @gorunbiraz3 @jokowi @prabowo @gibran_tweet @aniesbaswedan @ganjarpranowo @puanmaharani_ri @WagimanDeep212_ @blantik_pedhet2 @Anak__Ogi Coba survei yang mana?,,,,,
Fri Jan 12 23:39:16 +0000 2024,@benoalatawii @gorunbiraz3 @jokowi @prabowo @gibran_tweet @aniesbaswedan @ganjarpranowo @puanmaharani_ri @WagimanDeep212_ @blantik_pedhet2 @Anak__Ogi Gokill deh pokonya,,,,,
Fri Jan 12 23:39:12 +0000 2024,@TeddGus @prabowo @gibran_tweet Terus Aja,,,,,
Fri Jan 12 23:39:04 +0000 2024,@benjimascolo222 @gorunbiraz3 @jokowi @prabowo @gibran_tweet @aniesbaswedan @ganjarpranowo @puanmaharani_ri @WagimanDeep212_ @blantik_pedhet2 @Anak__Ogi Generasi muda kita sudah satu suara mantap kan,positif,,,,
Fri Jan 12 23:38:22 +0000 2024,@democrazymedia Diyakini elektabilitas Prabowo Gibran masih unggul dari,positif,,,,
Fri Jan 12 23:37:57 +0000 2024,@democrazymedia Mari kita sambut pemilu dengan riang gembira dengan mendukung Prabowo Gibran,positif,,,,
Fri Jan 12 23:37:44 +0000 2024,"@TeddGus @prabowo @gibran_tweet Ah kagak gue pendukung Prabowo dari 2014 sampai 2019 karena emng kagak ada pilihan lagi, skrang ada yg lebih baik ngapain pilih lagi, kalian aja tkn 02 terlalu overconfidence",,,,,
Fri Jan 12 23:37:27 +0000 2024,@tempodotco Semangat terus dukung prabowo gibran sampe RI 1,positif,,,,
Fri Jan 12 23:37:23 +0000 2024,@benjimascolo222 @griselruiz88 @jokowi @prabowo @gibran_tweet @aniesbaswedan @ganjarpranowo @puanmaharani_ri @RstmBcl @ShamsiAli2 @Paltiwest Gas pol untuk pak presiden ku,positif,,,,
Fri Jan 12 23:37:20 +0000 2024,"@xquitavee @prabowo @bawaslu_RI Kl prabowo dan Gibran: semua pertanyaan jawabannya hilirisiasi, si rmtante girangnya, mau kentut, tetap prabowo",,,,,
Fri Jan 12 23:37:14 +0000 2024,@siregar_elang @prabowo @gibran_tweet @Dennysiregar7 Ini bkn soal jilat menjilat..ini msalah system demokrasi yg sdh di obrak abrik olh penguasa negri..jln satu2nya hrs bersatu utk menghancurkan @prabowo  @gibran_tweet ..,negatif,,,,
Fri Jan 12 23:37:01 +0000 2024,Piye yo rasane ning panggung terus di #allinprabowogibran #prabowogibran,,,,,
Fri Jan 12 23:36:55 +0000 2024,@benoalatawii @griselruiz88 @jokowi @prabowo @gibran_tweet @aniesbaswedan @ganjarpranowo @puanmaharani_ri @RstmBcl @ShamsiAli2 @Paltiwest Kalo liat mas Gibran itu memang luar biasa keren dan semangat nya,positif,,,,
Fri Jan 12 23:36:28 +0000 2024,"@bdjkdkdgnd @griselruiz88 @jokowi @prabowo @gibran_tweet @aniesbaswedan @ganjarpranowo @puanmaharani_ri @RstmBcl @ShamsiAli2 @Paltiwest Memang benar, tapi yang paling besar peluangnya Prabowo Gibran",positif,,,,
Fri Jan 12 23:36:17 +0000 2024,@KompasTV ‚úåüèª PASTI MENANG ‚úåüèª Prabowo Gibran,positif,,,,
Fri Jan 12 23:35:55 +0000 2024,@benjimascolo222 @griselruiz88 @jokowi @prabowo @gibran_tweet @aniesbaswedan @ganjarpranowo @puanmaharani_ri @Maudy_Apain @berlianidris @sayajggatau Pemimpin terbaik ya prabowo,positif,,,,
Fri Jan 12 23:35:40 +0000 2024,@benoalatawii @griselruiz88 @jokowi @prabowo @gibran_tweet @aniesbaswedan @ganjarpranowo @puanmaharani_ri @Maudy_Apain @berlianidris @sayajggatau Presiden terbaikkuüòç,,,,,
Fri Jan 12 23:35:34 +0000 2024,@JokoPintar2 @gus_muslih @prabowo @gibran_tweet Eleeeeh taik taik taaiiikkk üòÇ,,,,,
Fri Jan 12 23:35:26 +0000 2024,@bdjkdkdgnd @griselruiz88 @jokowi @prabowo @gibran_tweet @aniesbaswedan @ganjarpranowo @puanmaharani_ri @Maudy_Apain @berlianidris @sayajggatau Tunggu saja 14 februari nanti ya,,,,,
Fri Jan 12 23:33:39 +0000 2024,"@jalurlangit1999 @kejumanis98 @kegblgnunfaedh @Fahrihamzah @prabowo @gibran_tweet @Gerindra @Partai_Gelora üòÇüòÇüòÇüòÇüòÇ sangat real,, üòÇüòÇ",,,,,
Fri Jan 12 23:33:33 +0000 2024,"@kompascom Konsultan 02 jng2 cuma konsulltan nya gibran ya, prabowo spt kurang disiapkan, tampil ke publik sama spt prabowo dulu tanpa konsultan, beda dg gibran yg kemana2 seolah dia yg capres. Khawatir sebentar juga prabowo digilas stlh pelantikan.",,,,,
Fri Jan 12 23:32:16 +0000 2024,@benjimascolo222 @gorunbiraz3 @jokowi @prabowo @gibran_tweet @aniesbaswedan @ganjarpranowo @puanmaharani_ri @Kanjeng2022 @EviDrajat @yeyeskii Gas terus untuk pak presiden,positif,,,,
Fri Jan 12 23:32:02 +0000 2024,@benoalatawii @gorunbiraz3 @jokowi @prabowo @gibran_tweet @aniesbaswedan @ganjarpranowo @puanmaharani_ri @Kanjeng2022 @EviDrajat @yeyeskii Salam ‚úå jari untuk Indonesia merdeka,positif,,,,
Fri Jan 12 23:31:55 +0000 2024,"@becaseimbibo @GlowTryz @jokowi @prabowo @gibran_tweet @aniesbaswedan @ganjarpranowo @puanmaharani_ri @gustavin_baidur @oppahade_ Suara jancuk kali, tidak memilih amin = masuk neraka Rukun iman di tambah ada 7 sekarang tidak memilih anies kafir, anies imam Mahdi, bro wtf wkwkw visi misi ga masuk akal BBM gratis se indo gaji guru 30 juta bangun kota 40 setara jakarta, gausa beli kapal ada sarung slepet gblk",,,,,
Fri Jan 12 23:31:47 +0000 2024,"@WaktunyaIDMaju Emg the best pak prabowo sama mas gibran, positif dan kreatif kampanye nya #GanjarSikatKorupsi #LanjutGANsemuakerja",positif,,,,
Fri Jan 12 23:31:10 +0000 2024,"Paslon 02 udah ber kali¬≤ melanggar, kok ga pernah di sanksi ya &gt &gt  @prabowo @gibran_tweet &lt &lt   Apa @bawaslu_RI takut dilaporin kalau memberi sanksi? @habiburokhman @andre_rosiade @Fahrihamzah @kaesangp @grace_nat",,,,,
Fri Jan 12 23:30:00 +0000 2024,"Ariasa Hadibroto Supit Dilantik Jadi Ketua, Ini Susunan Kepengurusan LKI DPP Partai Golkar Hasil Revitalisasi #airlanggahartarto #kuningkeren #PrabowoGibran #partaigolkar #golkarpedia https://t.co/ZArb0OS9O8",,,,,
Fri Jan 12 23:29:56 +0000 2024,@hipohan Mantap ‚úåüèª PASTI MENANG ‚úåüèª Prabowo Gibran,,,,,
Fri Jan 12 23:28:17 +0000 2024,"@Kanjeng2022 Nguawur poollll. Hasil survei Gibran menyumbang suara 0,8% pada Prabowo, dan Prabowo sangat berterimakasih atas keberhasilan Gibran dlm menyampaikan visi misinya melalui debat cawapres pd 22 Desember lalu. Buzzer2 gofud ini makin kalang kabut saja menghadapi kekalahan",,,,,
Fri Jan 12 23:26:59 +0000 2024,Kawal terus prabowo gibran menang satu putaran,positif,,,,
Fri Jan 12 23:26:35 +0000 2024,2024 prabowo gibran menang satu putaran,positif,,,,
Fri Jan 12 23:26:33 +0000 2024,"@bdjkdkdgnd @gorunbiraz3 @jokowi @prabowo @gibran_tweet @aniesbaswedan @ganjarpranowo @puanmaharani_ri @Kanjeng2022 @EviDrajat @yeyeskii Banyak keluarga yang terjun di politik, trah Mega chan salah satunya",,,,,
Fri Jan 12 23:26:33 +0000 2024,@TeddGus @prabowo @gibran_tweet Haha tukang giring opini terus bekerja keras‚Ä¶ ba≈üƒ± laah.. Mdh2n masy kita semakin pintar utk tdk terjebak opini2 para influencer bayaran model si banci kaleng ini,,,,,
Fri Jan 12 23:26:14 +0000 2024,@CNNIndonesia maju dan terus semangat Pak Prabowo dukungan Kami selalu untuk Prabowo-Gibran,positif,,,,
Fri Jan 12 23:26:10 +0000 2024,@rachlannashidik Engga ada atribut Prabowo Gibran.   Apakah Demokrat menyesal gabung 02?  Kelompok pemerintah yg hampir ngebegal partainya tp ujung2nya menyerahkan diri ke pembegalanya üòî?,,,,,
Fri Jan 12 23:26:06 +0000 2024,Menang bersama prabowo gibran,positif,,,,
Fri Jan 12 23:25:12 +0000 2024,Siap menangkan prabowo gibran satu putaran https://t.co/riNrXqYLng,positif,,,,
Fri Jan 12 23:25:05 +0000 2024,@benjimascolo222 @griselruiz88 @ganjarpranowo @mohmahfudmd @prabowo @gibran_tweet @jokowi @puanmaharani_ri @aniesbaswedan @ekowboy2 @pakaipeci @yusuf_dumdum Wkwkwk beda kelas emang makannya rakyat paham,,,,,
Fri Jan 12 23:25:04 +0000 2024,Deklarasi generasi milenial ngawi siap kawal menangkan prabowo gibran satu putaran https://t.co/z0nakF4TFx,positif,,,,
Fri Jan 12 23:25:03 +0000 2024,@Hasbil_Lbs @prabowo @gibran_tweet Putra mahkota nggak diajak makan2 di R. Makan...cm duduk2 menunggu di R. Tamu.....üòÇüòÇüòÇ https://t.co/qXr6vhVgI3,,,,,
Fri Jan 12 23:24:23 +0000 2024,@ant_on8 @logikapolitikid Sorry yah bang. Saya pendukung Prabowo Gibran. Tapi jangan mainkan takbir seperti itu dong. Bikin ilfeel aja.,positif,,,,
Fri Jan 12 23:24:09 +0000 2024,@benoalatawii @griselruiz88 @ganjarpranowo @mohmahfudmd @prabowo @gibran_tweet @jokowi @puanmaharani_ri @aniesbaswedan @ekowboy2 @pakaipeci @yusuf_dumdum Kita terus dukung beri semangat untuk @prabowo @gibran_tweet,positif,,,,
Fri Jan 12 23:23:41 +0000 2024,"Dalam setiap jejak langkah Relawan Mas Gibran, terukir jejak kebaikan yang menjadi pilar bagi perubahan positif dalam masyarakat.  #RelawanMasGibran #MasGibranUntukIndonesia #gibranrakabumingraka #prabowogibran #prabowo #gibran https://t.co/y9MmSiwY4R",positif,,,,
Fri Jan 12 23:23:39 +0000 2024,Deklarasi masyarakat ngawi siap kawal prabowo gibran menang satu putaran https://t.co/CCG7JT2ApG,,,,,
Fri Jan 12 23:23:35 +0000 2024,"Prabowo dan Gibran, kami mendukung kalian dalam upaya untuk memajukan Indonesia. #kodekita08 PilihPrabowoGibran02",positif,,,,
Fri Jan 12 23:23:28 +0000 2024,@bdjkdkdgnd @griselruiz88 @ganjarpranowo @mohmahfudmd @prabowo @gibran_tweet @jokowi @puanmaharani_ri @aniesbaswedan @ekowboy2 @pakaipeci @yusuf_dumdum Kata siapa survei bisa dipesan? Jangan2 selama ini 03 pakai survei pesanan?,,,,,
Fri Jan 12 23:23:15 +0000 2024,"Percayalah pada Prabowo dan Gibran, mereka adalah pemimpin yang memahami tantangan bangsa ini. #kodekita08 PilihPrabowoGibran02",positif,,,,
Fri Jan 12 23:23:06 +0000 2024,@dekade_08 Prabowo Gibran Mantap‚úåÔ∏è Yang iri dengki para penghianat nyebur kelaut aja jadi umpan ikan hiuü§£ü§£ü§£,,,,,
Fri Jan 12 23:22:36 +0000 2024,Ini 3 Nama Calon Ketua Tim Sukses Pemenangan Prabowo-Gibran di PBD - Korericom - Berita Indonesia Timur - Koreri https://t.co/YoEXw4iFWE #IndonesiaKuatIndonesiaMaju #DiplomasiProgresif02 #02Melanjutkan,,,,,
Fri Jan 12 23:22:36 +0000 2024,Ini 3 Nama Calon Ketua Tim Sukses Pemenangan Prabowo-Gibran di PBD - Korericom - Berita Indonesia Timur - Koreri https://t.co/Eea1ve8P5p #MenangSeputaran,,,,,
Fri Jan 12 23:22:36 +0000 2024,Ini 3 Nama Calon Ketua Tim Sukses Pemenangan Prabowo-Gibran di PBD - Korericom - Berita Indonesia Timur - Koreri https://t.co/tInX4L4OwT #MenangSeputaran,,,,,
Fri Jan 12 23:22:31 +0000 2024,"Saat Relawan Mas Gibran membawa sembako, mereka membawa juga pesan bahwa kita semua adalah bagian dari satu keluarga besar yang peduli.  #RelawanMasGibran #MasGibranUntukIndonesia #gibranrakabumingraka #prabowogibran #prabowo #gibran https://t.co/uTRt2WoaGX",positif,,,,
Fri Jan 12 23:22:03 +0000 2024,"@AbanggSayur Bicara seperti ini butuh kecerdasan. Prabowo, gibran atau jokowi sekalipun tidak akan bisa..",,,,,
Fri Jan 12 23:21:51 +0000 2024,"Dengan penuh semangat, Relawan Mas Gibran terus menyalakan api kebaikan melalui setiap paket sembako yang disebarkan.  #RelawanMasGibran #MasGibranUntukIndonesia #gibranrakabumingraka #prabowogibran #prabowo #gibran https://t.co/ISlvsQENrE",positif,,,,
Fri Jan 12 23:21:43 +0000 2024,"@kompascom Harusnya gibran ngomong begitu ke prabowo, bukan ke publik",,,,,
Fri Jan 12 23:21:31 +0000 2024,@gibran_tweet @prabowo sangat komprehensif dan spesifik,,,,,
Fri Jan 12 23:21:21 +0000 2024,@RcyberProj0 @Gerindra @gibran_tweet @prabowo @budimuni98 @handoko2411 @Projo_Pusat @FALDA81 Y jelas menang yang bayar lah,,,,,
Fri Jan 12 23:21:21 +0000 2024,"@MSadeWoO @Paltiwest Sudah dijalankan oleh Presiden Jokowi selama memerintah. Dan buah selalu jatuh tidak jauh dari pohonnya. Seperti itu perumpamaan @gibran_tweet saat memimpin Indonesia.  Sifat seorang anak, pasti tidak jauh dari ayahnya. Lalu Pak Prabowo?, sepertinya beliau hanya kuat setahun.",,,,,
Fri Jan 12 23:21:00 +0000 2024,"Pagi2 sdh siap menuju Solo utk melaksanakan kewajiban partai melakukan silaturrahmi &amp  sosialisasi ke Dapil Jawa Tengah V yg meliputi Solo, Sukoharjo, Klaten, Boyolali.  #PBB Menang Rakyat senang #Prabowo-Gibran Menang 1 putaran.   Mohon do'a &amp  dukunganya https://t.co/UtaZDCnBJC",,,,,
Fri Jan 12 23:20:49 +0000 2024,"Relawan Mas Gibran mengajak kita untuk saling menguatkan melalui kegiatan berbagi sembako, menggugah kebaikan di hati setiap individu.  #RelawanMasGibran #MasGibranUntukIndonesia #gibranrakabumingraka #prabowogibran #prabowo #gibran https://t.co/UDsf6Yr8GW",positif,,,,
Fri Jan 12 23:20:40 +0000 2024,@aewin86 Ayo pemdukung ganjar...ganjar sdh hbis..suara gak ada..klah sm anis..mding pindah ke prabowo mah ada pak jokowi..msak kita dl bersama2 berjuang agar orang2 d kelompok anis tdk berkuasa..msak skrng mlah dukung dan biarkn dia jd presiden..ayo pindahkm dukungan ke prabowo gibran,,,,,
Fri Jan 12 23:20:36 +0000 2024,"@prabowo Bisa kebayang bpk hanya sampai 1 th jadi presiden, negara kita di pimpin Gibran, biz itu Gibran mencalonkan diri jadi presiden lalu akan berkuasa lagi 15 th lah kira2. Kudu waras y kalian semua.",,,,,
Fri Jan 12 23:19:09 +0000 2024,"Prabowo dan Gibran, mari bersama memimpin Indonesia menuju kejayaan. #kodekita08 PilihPrabowoGibran02 Kami mendukungmu!",positif,,,,
Fri Jan 12 23:18:41 +0000 2024,"Dalam setiap distribusi sembako, Relawan Mas Gibran membuktikan bahwa kegiatan kecil dapat memiliki dampak besar dalam menyinari kehidupan sesama.  #RelawanMasGibran #MasGibranUntukIndonesia #gibranrakabumingraka #prabowogibran #prabowo #gibran https://t.co/8Ho6rc8Ilj",positif,,,,
Fri Jan 12 23:18:16 +0000 2024,"Dengan Prabowo dan Gibran di pucuk kepemimpinan, masa depan Indonesia akan semakin cerah. #kodekita08 PilihPrabowoGibran02",positif,,,,
Fri Jan 12 23:18:00 +0000 2024,@chambachtiar @Paltiwest Minus faktor gibran anak haram konstitusi. Minus faktor warga yg eneg ama prabowo = kalah dlm 2 putaran...semogaüòå,negatif,,,,
Fri Jan 12 23:17:57 +0000 2024,@siregar_elang @prabowo @gibran_tweet @Dennysiregar7 Udah brp bulan ini total duit di tf sama hasyim??,,,,,
Fri Jan 12 23:17:53 +0000 2024,@Kimberley_2024 asssiiiappppp gasssspol 1 putaran pagi [prabowo gibran],,,,,
Fri Jan 12 23:17:47 +0000 2024,Setiap momen berbagi sembako bersama Relawan Mas Gibran adalah pelajaran hidup tentang arti sejati dari kasih sayang dan kepedulian.  #RelawanMasGibran #MasGibranUntukIndonesia #gibranrakabumingraka #prabowogibran #prabowo #gibran https://t.co/Z8b5TGdM31,positif,,,,
Fri Jan 12 23:17:22 +0000 2024,@FerryFe71749796 @gus_muslih @JokoPintar2 @prabowo @gibran_tweet Habib lutfi bin yahya,,,,,
Fri Jan 12 23:16:47 +0000 2024,@TeddGus @prabowo @gibran_tweet Penjelasan yg sangat baik....saya beri nilai 11/100,,,,,
Fri Jan 12 23:15:59 +0000 2024,@TeddGus @prabowo @gibran_tweet Cebong setiap hari selalu berkata https://t.co/cq6cOA3T7s,,,,,
Fri Jan 12 23:15:31 +0000 2024,@OposisiCerdas Bukan cuma Prabowo Gibran yg memasang baliho dengan Dandim pasangan yg lain juga ada yg melakukan seperti itu,,,,,
Fri Jan 12 23:15:28 +0000 2024,@Hasbil_Lbs @prabowo @gibran_tweet Iyain aja deh. Drpd nangis.,,,,,
Fri Jan 12 23:15:24 +0000 2024,@TeddGus @prabowo @gibran_tweet Sekolah Dimana dlu kamu Ted sampai bs ngomong rasional?,,,,,
Fri Jan 12 23:15:08 +0000 2024,"Kami mendukungmu, Prabowo dan Gibran, dalam setiap langkah. #kodekita08 PilihPrabowoGibran02",positif,,,,
Fri Jan 12 23:15:00 +0000 2024,"Prabowo dan Gibran, mari bersama-sama membangun Indonesia yang lebih baik. #kodekita08 PilihPrabowoGibran02 Kami selalu mendukungmu. #kodekita08 PilihPrabowoGibran02",positif,,,,
Fri Jan 12 23:15:00 +0000 2024,"@CNNIndonesia Pak @AgusYudhoyono @PDemokrat berarti mendukung Prabowo-Gibran karena terpaksa.  PD selalu playing victim, merasa tersakiti dan main dua kaki. Rakyat benci melihatnya.  Jadilah yg jantan dan tegas pada pendirian.",,,,,
Fri Jan 12 23:14:47 +0000 2024,"Dengan Prabowo dan Gibran di pucuk kepemimpinan, Indonesia akan lebih maju dan sejahtera. #kodekita08 PilihPrabowoGibran02",positif,,,,
Fri Jan 12 23:14:47 +0000 2024,@tempodotco bersamamu Prabowo Gibran Saya yakin Indonesia akan lebih maju dan berkembang,positif,,,,
Fri Jan 12 23:14:06 +0000 2024,Kabar baik buat 02.  Yo ayo rame2 ke 02 aja.  Relawan Anies dan Ganjar Kompak Pindah Dukungan ke Prabowo-Gibran https://t.co/DXz7OYURmD,,,,,
Fri Jan 12 23:14:05 +0000 2024,"Prabowo dan Gibran, mari bersama memimpin Indonesia menuju kejayaan. #kodekita08 PilihPrabowoGibran02 Kami mendukungmu!",positif,,,,
Fri Jan 12 23:13:43 +0000 2024,"@TeddGus @prabowo @gibran_tweet sudah di takdirkan oleh semesta bhw wowo ga bakalan pernah jadi presiden INDONESIA. proaes pilprea 2024 ini, hny untuk menunjukkan sifat asli JOKOWI. kepda para pendukung setianya. agar tidak selalu percaya sama jokowi. twrmasuk gue. sekarang MUAK",,,,,
Fri Jan 12 23:13:29 +0000 2024,"Indonesia membutuhkan pemimpin yang visioner dan kompeten. #kodekita08 PilihPrabowoGibran02 Prabowo and Gibran, kami mendukungmu. #kodekita08 PilihPrabowoGibran02",positif,,,,
Fri Jan 12 23:13:21 +0000 2024,@TeddGus @prabowo @gibran_tweet Langsung gak rasional di barisan awal. Modal suara pemilih 2014 &amp  2019 udah cabut dari dia semenjak gabung ke pemerintahan.,,,,,
Fri Jan 12 23:13:10 +0000 2024,"Semangat dalam perjalanan kepemimpinan, Prabowo dan Gibran. #kodekita08 PilihPrabowoGibran02",positif,,,,
Fri Jan 12 23:09:36 +0000 2024,Pendukung pak prabowo gibran uda punya ini belom? üëâhttps://t.co/028zDoCckM  racun shopee flashsale aerostreet x gibran mamah dedeh kebangun get well soon YUTA pendek Unpad TMII food estate semakin https://t.co/A0zeiXiriT,,,,,
Fri Jan 12 23:09:32 +0000 2024,"@OrizaSativa09 @kejumanis98 @kegblgnunfaedh @Fahrihamzah @prabowo @gibran_tweet @Gerindra @Partai_Gelora PSI menang BPJS gratis utopia juga. BPJS bayar aja antrinya dilama¬≤in, dicuekin, diremehkan. Jika gratis mungkin sebelum berobat pasien diejek suster dulu. Lu udah miskin, penyakitan pula. Betah lu jadi beban negara?.""""",,,,,
Fri Jan 12 23:09:30 +0000 2024,@GlowTryz @jokowi @prabowo @gibran_tweet @aniesbaswedan @ganjarpranowo @puanmaharani_ri @gustavin_baidur @oppahade_ @jul223040 Suara Amin akan memenangkan pilpres 2024,,,,,
Fri Jan 12 23:09:26 +0000 2024,Masa depan cerah Indonesia ada di tangan Prabowo dan Gibran. #kodekita08 PilihPrabowoGibran02 Teruslah berjuang!,positif,,,,
Fri Jan 12 23:09:21 +0000 2024,Kami yakin Prabowo dan Gibran akan membawa Indonesia ke masa depan yang lebih cerah. #kodekita08 PilihPrabowoGibran02,positif,,,,
Fri Jan 12 23:08:50 +0000 2024,@GwynxAsh @jokowi @prabowo @gibran_tweet @aniesbaswedan @ganjarpranowo @puanmaharani_ri @BangEdiii @andi_hpattera @AnKiiim_ Gaada kabar  berubah untuk dukung Anies,,,,,
Fri Jan 12 23:08:41 +0000 2024,"@Mosesska78 @txtdrpemerintah Bkn oposan,tapi non prabowo-gibran",,,,,
Fri Jan 12 23:08:40 +0000 2024,Saya yakin Prabowo and Gibran akan membawa Indonesia ke tingkat yang lebih tinggi. #kodekita08 PilihPrabowoGibran02 Semoga berhasil!,positif,,,,
Fri Jan 12 23:08:28 +0000 2024,"Prabowo and Gibran, teruslah berjuang untuk kebaikan Indonesia. #kodekita08 PilihPrabowoGibran02 Semoga berhasil!",positif,,,,
Fri Jan 12 23:07:59 +0000 2024,@OposisiCerdas Baliho Dandim bersama Prabowo Gibran itu hal biasa karena ada kerja sama untuk kepentingan masyarakat,positif,,,,
Fri Jan 12 23:07:40 +0000 2024,Indonesia membutuhkan pemimpin yang kuat dan berkomitmen. #kodekita08 PilihPrabowoGibran02 Prabowo dan Gibran adalah jawabannya. #kodekita08 PilihPrabowoGibran02,positif,,,,
Fri Jan 12 23:07:23 +0000 2024,"2024-2029 untuk 02 cukup 1 periode saja. Hayoo, kita kasih kesempatan untuk 1 periode 2024-2029. Saya jadi penasaran  apa yang akan jadi targetnya?  Prabowo itu prajurit, ikut perintah atasan. #Pemilu2024AmanDamai  #Pemiluindonesiadamai2024  #PemiluDamai2024  #PrabowoGibran",,,,,
Fri Jan 12 23:07:21 +0000 2024,@gvfftj @jokowi @prabowo @gibran_tweet @aniesbaswedan @ganjarpranowo @puanmaharani_ri @Yurissa_Samosir @JOINLampung @PragmaticMou Saya gak akan berubah untuk terus mendukung Anies Imin,,,,,
Fri Jan 12 23:07:20 +0000 2024,"Semangat dalam perjalanan kepemimpinan, Prabowo dan Gibran. #kodekita08 PilihPrabowoGibran02",positif,,,,
Fri Jan 12 23:07:12 +0000 2024,@RcyberProj0 @Gerindra @gibran_tweet @prabowo @budimuni98 @handoko2411 @Projo_Pusat @FALDA81 *Syarat menjadi CAPRES 2029 agar menang 1 putaran :  a).Jago MEWEK. b).Pintar MEMAKI/MENGUMPAT. c).Ahli MEMFITNAH. d).Suka MEMPROVOKASI. *Untuk cawapres : a).Gemar bertanya tentang SINGKATAN berbahasa ASING (Inggris).,,,,,
Fri Jan 12 23:06:54 +0000 2024,"Woi kakek omon @prabowo nepobaby @gibran_tweet tolong bilangin TKD nya, main nya yg sportif. jangan norak !! . Ini ga sekali - 2x lho cara¬≤ sprti ini. CC @andre_rosiade @habiburokhman @Fahrihamzah @kaesangp @grace_nat",,,,,
Fri Jan 12 23:06:50 +0000 2024,@haliday0147 @jokowi @prabowo @gibran_tweet @aniesbaswedan @ganjarpranowo @puanmaharani_ri @ArjunaIreng_12 @AbiebSyah087021 @Mdy_Asmara1701 Anies Imin akan memajukan kota2 kecil di Indonesia,,,,,
Fri Jan 12 23:06:38 +0000 2024,@griselruiz88 @jokowi @prabowo @gibran_tweet @aniesbaswedan @ganjarpranowo @puanmaharani_ri @MarahIchsan @yeyeskii @Kanjeng2022 Abaikan yang nyinyir dan panik. Prabowo Gibran menang,,,,,
Fri Jan 12 23:06:33 +0000 2024,Kami yakin Prabowo and Gibran akan membawa perubahan positif dalam kepemimpinan Indonesia. #kodekita08 PilihPrabowoGibran02,positif,,,,
Fri Jan 12 23:06:15 +0000 2024,@GlowTryz @jokowi @prabowo @gibran_tweet @aniesbaswedan @ganjarpranowo @puanmaharani_ri @zumardifebri @bendol30 @AndryWaseso Kenaikan Anies akan membuat rakyat menjadi lebih meyakinkan diri untuknya,positif,,,,
Fri Jan 12 23:06:11 +0000 2024,Prabowo dan Gibran memiliki visi yang kuat untuk memajukan negara ini. #kodekita08 PilihPrabowoGibran02 Mari kita dukung mereka sepenuh hati. #kodekita08 PilihPrabowoGibran02,positif,,,,
Fri Jan 12 23:06:01 +0000 2024,"Anies : HMI CakImin : PMII Ganjar : GMNI Mahfudz : HMI  Mereka orang-orang yang ikut aktivitas mahasiswa melawan orde baru.   Sedangkan  Prabowo : Mantu Soeharto Gibran : Tokoh baru, tidak terlibat di aktivitas pergerakan melawan orba.",,,,,
Fri Jan 12 23:05:59 +0000 2024,@tempodotco apapun yang kalian katakan Saya akan tetap memilih Prabowo Gibran paslon 02,positif,,,,
Fri Jan 12 23:05:58 +0000 2024,"@RcyberProj0 @Gerindra @gibran_tweet @prabowo @budimuni98 @handoko2411 @Projo_Pusat @FALDA81 Tiap hari menunjukan hasil survei,bukan hasil surveinya yg penting,tapi pilihanku tetap ke pak ganjar itu yg penting.",,,,,
Fri Jan 12 23:05:50 +0000 2024,@SenoWerkudoro5 @TeddGus @prabowo @gibran_tweet Biarkan monyet monyet itu menyenangkan diri sendiri.. awokwokwok.. https://t.co/1iUknwsyLy,,,,,
Fri Jan 12 23:05:44 +0000 2024,"Indonesia butuh pemimpin yang visioner, seperti Prabowo dan Gibran. #kodekita08 PilihPrabowoGibran02",positif,,,,
Fri Jan 12 23:05:43 +0000 2024,@GwynxAsh @jokowi @prabowo @gibran_tweet @aniesbaswedan @ganjarpranowo @puanmaharani_ri @damardima @adri_7i @lugasichtiar AMIN pemimpin terbaik,positif,,,,
Fri Jan 12 23:05:18 +0000 2024,"@griselruiz88 @jokowi @prabowo @gibran_tweet @aniesbaswedan @ganjarpranowo @puanmaharani_ri @RstmBcl @ShamsiAli2 @Paltiwest Setelah sekian lama, Prabowo akhirnya akan menjadi presiden kita",positif,,,,
Fri Jan 12 23:05:13 +0000 2024,Semoga Prabowo dan Gibran membawa perubahan positif dan kemajuan bagi negara ini. #kodekita08 PilihPrabowoGibran02,positif,,,,
Fri Jan 12 23:04:47 +0000 2024,"@TeddGus @prabowo @gibran_tweet Ini juga penjelasan knp prabowo kalah lagi,,krn memang tak pantas  jd presiden menurut temanmu dan partaimu,,yg skrg jd munafik semua https://t.co/3I52VKhar8",negatif,,,,
Fri Jan 12 23:04:46 +0000 2024,"@mpujayaprema Sedikit baliho caleg dari Demokrat dipasang Prabowo Gibran, malah yg ada Anies AHYüòÅ. Daya tawar Demokrat dg Nasdem PKS minta target tinggi, jika Demokrat tidak masuk batal capres, cerdasnya SP gaet PKB nah mulai itu cari2 kalimat yg untungkan Demokrat?",,,,,
Fri Jan 12 23:04:43 +0000 2024,@griselruiz88 @jokowi @prabowo @gibran_tweet @aniesbaswedan @ganjarpranowo @puanmaharani_ri @Maudy_Apain @berlianidris @sayajggatau Survei yang memang pantas mewakili suara rakyat Indonesia,,,,,
Fri Jan 12 23:04:23 +0000 2024,@gorunbiraz3 @jokowi @prabowo @gibran_tweet @aniesbaswedan @ganjarpranowo @puanmaharani_ri @Kanjeng2022 @EviDrajat @yeyeskii Kami pasti akan pilih Prabowo Gibran sebagai the next presiden Indonesia,positif,,,,
Fri Jan 12 23:04:19 +0000 2024,"@TeddGus @prabowo @gibran_tweet Memenuhi undangan kadin, malah curhat kekalahan debat dan makan burger king. Maksa mo jadi RI 1.ü§£ü§£ü§£",,,,,
Fri Jan 12 23:03:58 +0000 2024,@gvfftj @jokowi @prabowo @gibran_tweet @aniesbaswedan @ganjarpranowo @puanmaharani_ri @irenejuni_ @Fisyasia @strike_bravo_b Kampanyenya pasti di lembaga survey,,,,,
Fri Jan 12 23:03:49 +0000 2024,"@griselruiz88 @ganjarpranowo @mohmahfudmd @prabowo @gibran_tweet @jokowi @puanmaharani_ri @aniesbaswedan @ekowboy2 @pakaipeci @yusuf_dumdum Demi Indonesia yang melompat jauh, yok pilih Prabowo Gibran",positif,,,,
Fri Jan 12 23:03:33 +0000 2024,@griselruiz88 @jokowi @prabowo @gibran_tweet @aniesbaswedan @ganjarpranowo @puanmaharani_ri @cobeh2022 @Miduk17 @UyokBack Pilpres memang 1 putaran tapi yang menang Ganjar Mahfud,positif,,,,
Fri Jan 12 23:03:16 +0000 2024,@griselruiz88 @jokowi @prabowo @gibran_tweet @aniesbaswedan @ganjarpranowo @puanmaharani_ri @YepryR @ForRezim @Jen_syie Sayang duit surveynya mending untuk rakyat,,,,,
Fri Jan 12 23:03:02 +0000 2024,"@TeddGus @prabowo @gibran_tweet Gerombolan tolol pendukung @gibran_tweet ingin satu putaran menang,Tolol tingkat langit.. yang ikut kontestan hanya 2 Paslon ? Cara berfikirnya emang tolol.. https://t.co/p8d0Uspyqz",,,,,
Fri Jan 12 23:02:55 +0000 2024,@JokoPintar2 @gus_muslih @prabowo @gibran_tweet Aku pilih Ganjar https://t.co/XZk5D6fj3L,positif,,,,
Fri Jan 12 23:02:54 +0000 2024,@titymargana menuju Indonesia Emas ... Prabowo-Gibran.. yg lain kalo ga suka jgn mencret2 ya...,positif,,,,
Fri Jan 12 23:02:31 +0000 2024,"@griselruiz88 @jokowi @prabowo @gibran_tweet @aniesbaswedan @ganjarpranowo @puanmaharani_ri @f_fathur @faizalassegaf @msobri99 Hilang pedenya 02, yok ah asal bukan Prabowo",,,,,
Fri Jan 12 23:02:09 +0000 2024,@griselruiz88 @jokowi @prabowo @gibran_tweet @aniesbaswedan @ganjarpranowo @puanmaharani_ri @MarahIchsan @yeyeskii @Kanjeng2022 Real survei itu yg menang Pak Ganjar dan Pak Mahfud,,,,,
Fri Jan 12 23:01:53 +0000 2024,"Semangat dalam perjalanan kepemimpinan, Prabowo dan Gibran. #kodekita08 PilihPrabowoGibran02",positif,,,,
Fri Jan 12 23:01:52 +0000 2024,@gorunbiraz3 @jokowi @prabowo @gibran_tweet @aniesbaswedan @ganjarpranowo @puanmaharani_ri @WagimanDeep212_ @blantik_pedhet2 @Anak__Ogi Cieee ada yang panik. Survey bisa di pesan dan bukan penentu yeeee,,,,,
Fri Jan 12 23:01:28 +0000 2024,@griselruiz88 @jokowi @prabowo @gibran_tweet @aniesbaswedan @ganjarpranowo @puanmaharani_ri @RstmBcl @ShamsiAli2 @Paltiwest Boy semuanya masih punya peluang menang 1 putaran,positif,,,,
Fri Jan 12 23:01:12 +0000 2024,@griselruiz88 @jokowi @prabowo @gibran_tweet @aniesbaswedan @ganjarpranowo @puanmaharani_ri @Maudy_Apain @berlianidris @sayajggatau Teruskanlah menghibur diri,,,,,
Fri Jan 12 23:00:54 +0000 2024,@gorunbiraz3 @jokowi @prabowo @gibran_tweet @aniesbaswedan @ganjarpranowo @puanmaharani_ri @Kanjeng2022 @EviDrajat @yeyeskii Dulu kita tertipu ayahnya masa sekarang masih mau tertipu dengan anaknya?,,,,,
Fri Jan 12 23:00:51 +0000 2024,"Prabowo dan Gibran, mari bersama-sama membangun Indonesia yang lebih baik. #kodekita08 PilihPrabowoGibran02 Kami mendukung kalian!",positif,,,,
Fri Jan 12 23:00:35 +0000 2024,"Dengan kondisi Pak Prabowo yang emosional, Gibran yg nyaris"" tak punya power, Indonesia akan hancur, bila 02 menang.  Komunikasi dg rakyat akan mandek, PS hanya mendengar elit. Anak buah akan cenderung ABS krn takut tamperamen PS yg emosional.  Mengerikan bagi Indonesia""",negatif,,,,
Fri Jan 12 23:00:34 +0000 2024,@griselruiz88 @ganjarpranowo @mohmahfudmd @prabowo @gibran_tweet @jokowi @puanmaharani_ri @aniesbaswedan @ekowboy2 @pakaipeci @yusuf_dumdum Ngejawab pertanyaan pak Ganjar aja enggak becus masa kita disuruh takjub dengan angka survey buatan temennya?,,,,,
Fri Jan 12 22:59:53 +0000 2024,@gorunbiraz3 @jokowi @prabowo @gibran_tweet @aniesbaswedan @ganjarpranowo @puanmaharani_ri @fais21804461 @zy_zy_its_me @akupadi5 Bikin menang survey 180 persen juga boleeeeeeh,,,,,
Fri Jan 12 22:59:31 +0000 2024,@OposisiCerdas All out untuk kemenangan Prabowo Gibran 2024,positif,,,,
Fri Jan 12 22:59:28 +0000 2024,"@griselruiz88 @jokowi @prabowo @gibran_tweet @aniesbaswedan @ganjarpranowo @puanmaharani_ri @akupadi5 @bentangnegeri @Putri_Everhart Takut komen ah, nanti dilaporin orang2nya wowo",,,,,
Fri Jan 12 22:59:00 +0000 2024,"Khofifah Gabung TKN, Iwan Soelasno Optimis Warga Desa di Jatim Kompak Menangkan Prabowo-Gibran #airlanggahartarto #kuningkeren #PrabowoGibran #partaigolkar #golkarpedia https://t.co/RyOabCxwDh",,,,,
Fri Jan 12 22:58:58 +0000 2024,"@griselruiz88 @jokowi @prabowo @gibran_tweet @aniesbaswedan @ganjarpranowo @puanmaharani_ri @Jelli_cent @okkymadasari @03__nakula Nanggung amat, kenapa tim wowo gak bikin aja hasil surveinya langsung di atas 50 persen?",,,,,
Fri Jan 12 22:58:42 +0000 2024,@gorunbiraz3 @jokowi @prabowo @gibran_tweet @ganjarpranowo @puanmaharani_ri @Putri_Everhart @berlianidris Pak tua‚Ä¶ sudahlah!,,,,,
Fri Jan 12 22:58:21 +0000 2024,@griselruiz88 @jokowi @prabowo @gibran_tweet @aniesbaswedan @ganjarpranowo @puanmaharani_ri @devy_casanofa @alisyarief @Dew0W1snu Kata @prabowo kan survey itu tergantung yang bayar,,,,,
Fri Jan 12 22:58:02 +0000 2024,@griselruiz88 @jokowi @prabowo @gibran_tweet @aniesbaswedan @ganjarpranowo @puanmaharani_ri @Ghurem2 @ribonk @ARSIPAJA Dari 2014 setiap wowo nyapres pasti suasananya mencekam,,,,,
Fri Jan 12 22:57:42 +0000 2024,@gorunbiraz3 @jokowi @prabowo @gibran_tweet @aniesbaswedan @ganjarpranowo @puanmaharani_ri @bachrum_achmadi @GeiszChalifah @HmfaqihA Saatnya hijrah ke Ganjar Mahfud karena 02 baperan,negatif,,,,
Fri Jan 12 22:57:41 +0000 2024,@xquitavee @prabowo @99propaganda @adri_7i @BANGSAygSUJUD @bengkeldodo @ChallsOfrivia @DedynurPalakka @MikamiRambo @priatamvan88 Foto kayak Gini buat Para omon-omon kepanasan... ü§£ Prabowo Gibran Mantap‚úåÔ∏è,,,,,
Fri Jan 12 22:57:15 +0000 2024,@tempodotco AQ kaloo gak pilih pak Prabowo Subianto dan mas Gibran bisaa stres dan gilaa lo,negatif,,,,
Fri Jan 12 22:57:06 +0000 2024,"Siap Kampanyekan Prabowo-Gibran hingga Menang Mutlak, Khofifah : Satu Putaran Lebih Baik https://t.co/0jG2wVsiOW",,,,,
Fri Jan 12 22:56:32 +0000 2024,"Siap Kampanyekan Prabowo-Gibran hingga Menang Mutlak, Khofifah : Satu Putaran Lebih Baik https://t.co/Uadw05LHsh",,,,,
Fri Jan 12 22:56:10 +0000 2024,"Siap Kampanyekan Prabowo-Gibran hingga Menang Mutlak, Khofifah : Satu Putaran Lebih Baik https://t.co/UPhPSho7z2",,,,,
Fri Jan 12 22:55:32 +0000 2024,@DokterTifa @aniesbaswedan Lah kocak bukan nya ibuk ya? Yg selalu mencari kesalahan Pak Prabowo dan Gibran.  Udah gitu nyebar hoaks sama fitnah lagi.   Nuduh nya ijazah Gibran palsu. Eh gak tau nya dia sendiri yg ijazah nya palsu. Dasar gadungan...!!,,,,,
Fri Jan 12 22:55:00 +0000 2024,@griselruiz88 @ch_chotimah2 @ganjarpranowo @mohmahfudmd @gibran_tweet @jokowi @prabowo @aniesbaswedan @puanmaharani_ri @muchlis_ar @mulanbilqis @kangdede78 Gemoysian selalu didukung survei,,,,,
Fri Jan 12 22:54:40 +0000 2024,"@griselruiz88 @kompascom @jokowi @prabowo @gibran_tweet @aniesbaswedan @ganjarpranowo @puanmaharani_ri @KepaArgawinata2 @Aryprasetyo85 @tijabar Satu saja keunggulan prabowo, emosinya",,,,,
Fri Jan 12 22:54:36 +0000 2024,@liliesjayajaya @DokterTifa @aniesbaswedan @gibran_tweet @prabowo @Gerindra Ngaca pun dia belum tentu sanggup. Kemampuan dia ya hanya sebegituüòÇüòÇ,,,,,
Fri Jan 12 22:54:32 +0000 2024,"@mpujayaprema mpu kok berasa provokator..tonton yg utuh..ada nama Pak Jokowi disebut, ada nama Prabowo Gibran disebut. Ada program SBY dijabarkan detil (emang agak narsis) dan berasa oposisi tapi ingin melanjutkan dan menyempurnakan...",,,,,
Fri Jan 12 22:54:02 +0000 2024,@GwynxAsh @jokowi @prabowo @gibran_tweet @aniesbaswedan @ganjarpranowo @puanmaharani_ri @basukining @samarron03 @si_andiii Semoga 14 februari nanti yang menang nomor 1,,,,,
Fri Jan 12 22:53:52 +0000 2024,@tempodotco Emang kok pak Prabowo Subianto dan mas Gibran gada tandingan ya dehh,positif,,,,
Fri Jan 12 22:53:43 +0000 2024,"@gvfftj @jokowi @prabowo @gibran_tweet @aniesbaswedan @ganjarpranowo @puanmaharani_ri @Pamankarta @aianawawi @amin_em23 Coba tampilin data dari surveinya, berapa aja respondennya, metode gimana, dan terutama siapa pendananya",,,,,
Fri Jan 12 22:53:18 +0000 2024,@haliday0147 @jokowi @prabowo @gibran_tweet @aniesbaswedan @ganjarpranowo @puanmaharani_ri @bantdip @anisabayan1 @lugasichtiar Ini pasti justifikasi kecurangan nanti,,,,,
Fri Jan 12 22:53:02 +0000 2024,@GlowTryz @jokowi @prabowo @gibran_tweet @aniesbaswedan @ganjarpranowo @puanmaharani_ri @gustavin_baidur @oppahade_ @jul223040 Rakyat cerdas tidak akan melihat survei,,,,,
Fri Jan 12 22:52:56 +0000 2024,Sudahi Joget Gemoy mu kamu bukan aktor tapi diktator #gemoy #pemilu2024 #PrabowoGibran #anies,,,,,
Fri Jan 12 22:52:31 +0000 2024,"@Lembayung071 @prabowo @gibran_tweet @Gerindra @PartaiGolkar Jenderal, para Prajurit dan anak2 Alayyy nangis bareng üò≠üò≠üò≠.  Negara dgn 280 juta penduduk mau dipimpin orang cengeng nangisan üòÖ.  Gak jadi joged tah üíÉüï∫üé∂üòÅ https://t.co/LxD3BXnIsL",negatif,,,,
Fri Jan 12 22:52:26 +0000 2024,@gvfftj @jokowi @prabowo @gibran_tweet @aniesbaswedan @ganjarpranowo @puanmaharani_ri @Yurissa_Samosir @JOINLampung @PragmaticMou Mayoritas rakyat pilih Anies,,,,,
Fri Jan 12 22:52:08 +0000 2024,@haliday0147 @jokowi @prabowo @gibran_tweet @aniesbaswedan @ganjarpranowo @puanmaharani_ri @ArjunaIreng_12 @AbiebSyah087021 @Mdy_Asmara1701 Udah surveinya di kandang sendiri masih juga belum 50 persen,,,,,
Fri Jan 12 22:51:53 +0000 2024,@TeddGus @prabowo @gibran_tweet Ha ha ha... 2014 survey2 juga memenangkan prbw. Bahkan lebih bnyk lg. Toh kalah juga..ü§£ü§£ https://t.co/Sl5Vvx3NJc,,,,,
Fri Jan 12 22:51:49 +0000 2024,@haliday0147 @jokowi @prabowo @gibran_tweet @aniesbaswedan @ganjarpranowo @puanmaharani_ri @ArjunaIreng_12 @AbiebSyah087021 @Mdy_Asmara1701 Ga usah panik gitu Pak Anies cuma salaman sama puan,,,,,
Fri Jan 12 22:51:32 +0000 2024,@siregar_elang @prabowo @gibran_tweet @Dennysiregar7 Tukang culik dan pelanggar MK satu gerbong. Lebih terhormat mana??,,,,,
Fri Jan 12 22:51:24 +0000 2024,@GwynxAsh @jokowi @prabowo @gibran_tweet @aniesbaswedan @ganjarpranowo @puanmaharani_ri @damardima @adri_7i @lugasichtiar Omon omon jagoan ente layak jadi presiden survey,,,,,
Fri Jan 12 22:51:04 +0000 2024,@gvfftj @jokowi @prabowo @gibran_tweet @aniesbaswedan @ganjarpranowo @puanmaharani_ri @irenejuni_ @Fisyasia @strike_bravo_b Gagal food estate tapi menang surve hanya terjadi di negeri wakanda,negatif,,,,
Fri Jan 12 22:50:52 +0000 2024,"Prabowo dan Gibran, kami percaya pada visi dan misi kalian. #kodekita08 PilihPrabowoGibran02 Semoga sukses dalam setiap langkah. #kodekita08 PilihPrabowoGibran02",positif,,,,
Fri Jan 12 22:50:35 +0000 2024,@griselruiz88 @jokowi @prabowo @gibran_tweet @aniesbaswedan @ganjarpranowo @puanmaharani_ri @cobeh2022 @Miduk17 @UyokBack Rakyat Indonesia emang mau memilih yang habis ndasmu terbitlah goblok?,,,,,
Fri Jan 12 22:50:34 +0000 2024,Ciri ciri orang bahagia itu ada 3:  1. Org yg tidak menyesali masa lalu. 2. Orang yang tidak mengkhawatirkan masa depan. 3. Pendukung Prabowo Gibran. https://t.co/vQJFiDExL8,,,,,
Fri Jan 12 22:50:17 +0000 2024,@griselruiz88 @jokowi @prabowo @gibran_tweet @aniesbaswedan @ganjarpranowo @puanmaharani_ri @YepryR @ForRezim @Jen_syie Masyarakat yang bersama Anies untuk perubahan tidak percaya lembaga survei,,,,,
Fri Jan 12 22:49:23 +0000 2024,@gorunbiraz3 @jokowi @prabowo @gibran_tweet @aniesbaswedan @ganjarpranowo @puanmaharani_ri @AirinDatangLagi @jek___ Aku tak akan jumawa terus kerja keras memberi dukungan pada Prabowo Gibran,positif,,,,
Fri Jan 12 22:49:21 +0000 2024,Banyumas 1912 Nyatakan Mendukung Pasangan Prabowo-Gibran https://t.co/x9qyldC31c,positif,,,,
Fri Jan 12 22:49:04 +0000 2024,@griselruiz88 @jokowi @prabowo @gibran_tweet @aniesbaswedan @ganjarpranowo @puanmaharani_ri @f_fathur @faizalassegaf @msobri99 Tingginya survei tak lepas dari kerja keras rakyat Indonesia serta TKN Prabowo Gibran,,,,,
Fri Jan 12 22:48:44 +0000 2024,@griselruiz88 @jokowi @prabowo @gibran_tweet @aniesbaswedan @ganjarpranowo @puanmaharani_ri @MarahIchsan @yeyeskii @Kanjeng2022 Bravo Pak Prabowo jaga terus NKRI,positif,,,,
Fri Jan 12 22:48:33 +0000 2024,Puluhan Petani Penderes Cilongok Dukung Prabowo-Gibran https://t.co/mG10P27Qsa,positif,,,,
Fri Jan 12 22:48:22 +0000 2024,@gorunbiraz3 @jokowi @prabowo @gibran_tweet @aniesbaswedan @ganjarpranowo @puanmaharani_ri @WagimanDeep212_ @blantik_pedhet2 @Anak__Ogi Anak muda Indonesia all in Prabowo Gibran,positif,,,,
Fri Jan 12 22:48:16 +0000 2024,@WaktunyaIDMaju @PastiNgibul @awkarin @gibran_tweet @prabowo Org ngelanggar HAM kok di dukung,negatif,,,,
Fri Jan 12 22:48:02 +0000 2024,@griselruiz88 @jokowi @prabowo @gibran_tweet @aniesbaswedan @ganjarpranowo @puanmaharani_ri @RstmBcl @ShamsiAli2 @Paltiwest Mas Gibran akan mencatat rekor sebagai wakil presiden termuda di Indonesia,positif,,,,
Fri Jan 12 22:47:44 +0000 2024,@griselruiz88 @jokowi @prabowo @gibran_tweet @aniesbaswedan @ganjarpranowo @puanmaharani_ri @Maudy_Apain @berlianidris @sayajggatau Pemimpin kita di 2024 sudah pasti Prabowo,positif,,,,
Fri Jan 12 22:47:41 +0000 2024,Ngeri! Prediksi Denny Siregar Soal Nasib Keluarga Jokowi jika Prabowo dan Gibran Kalah di Pilpres 2024 https://t.co/0Lv4lmkcxb,,,,,
Fri Jan 12 22:47:18 +0000 2024,@tempodotco Saya sebagai pendukung Prabowo Gibran benar2 sedih melihat pak Prabowo diperlakukan seperti itu oleh Paslon lain,,,,,
Fri Jan 12 22:47:05 +0000 2024,@griselruiz88 @ganjarpranowo @mohmahfudmd @prabowo @gibran_tweet @jokowi @puanmaharani_ri @aniesbaswedan @ekowboy2 @pakaipeci @yusuf_dumdum Yang memiliki jiwa patriot seperti Pak Prabowo memang harus kita dukung bersama,positif,,,,
Fri Jan 12 22:46:46 +0000 2024,@OposisiCerdas Prabowo Gibran betul2 sosok yg paling pas untuk melanjutkan kinerja pak Jokowi,positif,,,,
Fri Jan 12 22:46:40 +0000 2024,@prabowo @gibran_tweet Jangan terlalu terlena dengan hasil survei. Gas pooll... Jangan kasih kendor...,,,,,
Fri Jan 12 22:46:34 +0000 2024,"@ruyasagit900 @RcyberProj0 @Gerindra @gibran_tweet @prabowo @budimuni98 @handoko2411 @Projo_Pusat @FALDA81 Dengan pengetahuan mendalam dan kepekaan terhadap isu global, Pak Prabowo dapat menjadi juru damai yang handal serta membawa solusi konstruktif dalam setiap perundingan internasional.",positif,,,,
Fri Jan 12 22:46:25 +0000 2024,@OposisiCerdas Semua barisan merapat untuk terus mendukung pak Prabowo gemoy dan mas Gibran ganteng,positif,,,,
Fri Jan 12 22:46:25 +0000 2024,@GlowTryz @muchlis_ar @jokowi @prabowo @gibran_tweet @aniesbaswedan @ganjarpranowo @puanmaharani_ri @fais21804461 @zy_zy_its_me @akupadi5 Anak muda Indonesia wajib dukung 02,positif,,,,
Fri Jan 12 22:46:09 +0000 2024,@OposisiCerdas Masa depan Indonesia akan cerah bersama pasangan Prabowo Gibran,positif,,,,
Fri Jan 12 22:46:07 +0000 2024,"@GwynxAsh @03__nakula @jokowi @prabowo @gibran_tweet @aniesbaswedan @ganjarpranowo @puanmaharani_ri @sayajggatau @NUgarislucu @pangeransiahaan Kali ketiga saya ngedukung Pak Prabowo, semoga menang",positif,,,,
Fri Jan 12 22:46:01 +0000 2024,@CNNIndonesia Prabowo Gibran selalu memikirkan rakyatnya,positif,,,,
Fri Jan 12 22:45:49 +0000 2024,"@GwynxAsh @muchlis_ar @jokowi @prabowo @gibran_tweet @aniesbaswedan @ganjarpranowo @puanmaharani_ri @devy_casanofa @alisyarief @Dew0W1snu Yok kita juga berbenah, masa nanti hanya Pa Prabowo saja yang kerja keras",,,,,
Fri Jan 12 22:45:25 +0000 2024,@gvfftj @yeyeskii @jokowi @prabowo @gibran_tweet @aniesbaswedan @ganjarpranowo @puanmaharani_ri @ForRezim @Jen_syie @bentangnegeri Bersatupun 01 dan 03 tidak akan mampu mengungguli Prabowo Gibran,,,,,
Fri Jan 12 22:45:05 +0000 2024,@haliday0147 @jojo_botak @jokowi @prabowo @gibran_tweet @aniesbaswedan @ganjarpranowo @puanmaharani_ri @MarahIchsan @yeyeskii @Kanjeng2022 Dukungan untuk Prabowo Gibran makin massif,positif,,,,
Fri Jan 12 22:44:47 +0000 2024,@gvfftj @Anak__Ogi @gibran_tweet @jokowi @prabowo @aniesbaswedan @ganjarpranowo @puanmaharani_ri @Dennysiregar7 @Maudy_Apain @berlianidris Indonesia maju bersama Pa Prabowo dan Mas Gibran,positif,,,,
Fri Jan 12 22:44:21 +0000 2024,@OposisiCerdas Semua pendukung pak Prabowo dan mas Gibran dari semua golongan keren banget,positif,,,,
Fri Jan 12 22:43:34 +0000 2024,@gvfftj @03__nakula @jokowi @prabowo @gibran_tweet @aniesbaswedan @ganjarpranowo @puanmaharani_ri @fais21804461 @zy_zy_its_me @akupadi5 Dulu Prabowo sekarang juga tetap @prabowo,positif,,,,
Fri Jan 12 22:43:05 +0000 2024,"Prabowo dan Gibran, teruslah berjuang untuk kebaikan Indonesia. #kodekita08 PilihPrabowoGibran02 Semoga berhasil!",positif,,,,
Fri Jan 12 22:42:44 +0000 2024,@GwynxAsh @jokowi @prabowo @gibran_tweet @aniesbaswedan @ganjarpranowo @puanmaharani_ri @basukining @samarron03 @si_andiii Semoga Prabowo Gibran menang,positif,,,,
Fri Jan 12 22:42:35 +0000 2024,Kami yakin Prabowo dan Gibran akan membawa Indonesia ke masa depan yang lebih cerah. #kodekita08 PilihPrabowoGibran02,positif,,,,
Fri Jan 12 22:42:32 +0000 2024,@siregar_elang @prabowo @gibran_tweet @Dennysiregar7 Saya justru mendukung bergabungnya mereka... Kaaknya ini akan menjadi mesin pendorong yg kuat utk @prabowo menang satu putaran...,positif,,,,
Fri Jan 12 22:40:01 +0000 2024,@gvfftj @jokowi @prabowo @gibran_tweet @aniesbaswedan @ganjarpranowo @puanmaharani_ri @Yurissa_Samosir @JOINLampung @PragmaticMou Bolak balik lembaga survei tetap menyatakan Prabowo pemenangnya,,,,,
Fri Jan 12 22:40:01 +0000 2024,@CNNIndonesia Program Prabowo Gibran untuk kesehatan rakyat,positif,,,,
Fri Jan 12 22:39:42 +0000 2024,Dukungan penuh untuk Prabowo dan Gibran. #kodekita08 PilihPrabowoGibran02 Semoga sukses dalam perjalanan ini. #kodekita08 PilihPrabowoGibran02,positif,,,,
Fri Jan 12 22:39:41 +0000 2024,@haliday0147 @jokowi @prabowo @gibran_tweet @aniesbaswedan @ganjarpranowo @puanmaharani_ri @ArjunaIreng_12 @AbiebSyah087021 @Mdy_Asmara1701 100 % dukungan kami sekeluarga pada Pak @prabowo dan Mas @gibran_tweet,,,,,
Fri Jan 12 22:39:24 +0000 2024,Percayalah pada Prabowo dan Gibran. #kodekita08 PilihPrabowoGibran02 Mereka akan membawa Indonesia menuju masa depan yang lebih baik. #kodekita08 PilihPrabowoGibran02,positif,,,,
Fri Jan 12 22:39:21 +0000 2024,"@GlowTryz @jokowi @prabowo @gibran_tweet @aniesbaswedan @ganjarpranowo @puanmaharani_ri @zumardifebri @bendol30 @AndryWaseso Biarin aja mereka nyinyirin pak, aku 100 persen dukung Pak Prabowo",positif,,,,
Fri Jan 12 22:39:19 +0000 2024,"Prabowo dan Gibran, kami mendukung kalian dalam upaya untuk memajukan Indonesia. #kodekita08 PilihPrabowoGibran02",positif,,,,
Fri Jan 12 22:39:07 +0000 2024,"Dengan Prabowo dan Gibran di depan, Indonesia memiliki masa depan yang cerah. #kodekita08 PilihPrabowoGibran02 Sukses!",positif,,,,
Fri Jan 12 22:39:02 +0000 2024,@GwynxAsh @jokowi @prabowo @gibran_tweet @aniesbaswedan @ganjarpranowo @puanmaharani_ri @damardima @adri_7i @lugasichtiar Asik menang satu putaran,positif,,,,
Fri Jan 12 22:38:50 +0000 2024,Dukungan penuh untuk Prabowo dan Gibran. #kodekita08 PilihPrabowoGibran02 Mari kita bersama-sama mencapai visi besar ini. #kodekita08 PilihPrabowoGibran02,positif,,,,
Fri Jan 12 22:38:43 +0000 2024,@gvfftj @jokowi @prabowo @gibran_tweet @aniesbaswedan @ganjarpranowo @puanmaharani_ri @irenejuni_ @Fisyasia @strike_bravo_b Mereka yang enggak percaya survei sebenarnya panik makanya narasinya selalu bilang itu survei bayaran,,,,,
Fri Jan 12 22:38:41 +0000 2024,Saya mendukung Prabowo dan Gibran sebagai pemimpin bangsa. #kodekita08 PilihPrabowoGibran02 Semoga Indonesia semakin berkembang. #kodekita08 PilihPrabowoGibran02,positif,,,,
Fri Jan 12 22:38:18 +0000 2024,"@gorunbiraz3 @WagimanDeep212_ @jokowi @prabowo @gibran_tweet @aniesbaswedan @ganjarpranowo @puanmaharani_ri @MichelAdam7__ @RidNgemil @Piyusaja2 Langit menjadi saksi, Prabowo akan menjadi Presiden RI 2024 ‚Äì 2029",positif,,,,
Fri Jan 12 22:38:10 +0000 2024,"@hddfsysgdcoghu @RcyberProj0 @Gerindra @gibran_tweet @prabowo @budimuni98 @handoko2411 @Projo_Pusat @FALDA81 Pak Prabowo terlihat begitu peduli terhadap kehidupan sehari-hari rakyat, membuktikan bahwa ia adalah pemimpin yang tidak hanya di atas kertas, tetapi juga di tengah-tengah masyarakat.",positif,,,,
Fri Jan 12 22:37:59 +0000 2024,@griselruiz88 @kompascom @jokowi @prabowo @gibran_tweet @aniesbaswedan @ganjarpranowo @puanmaharani_ri @KepaArgawinata2 @Aryprasetyo85 @tijabar Semoga menang 1 putaran ya,positif,,,,
Fri Jan 12 22:37:41 +0000 2024,@griselruiz88 @ch_chotimah2 @ganjarpranowo @mohmahfudmd @gibran_tweet @jokowi @prabowo @aniesbaswedan @puanmaharani_ri @muchlis_ar @mulanbilqis @kangdede78 01 dan 03 mau berkoalisi curang nih. Oleh karena itu kita pastikan coblos yang sudah pasti akan menang yakni Prabowo Gibran,,,,,
Fri Jan 12 22:37:13 +0000 2024,@gyupuppiy Tetep prabowo gibran,positif,,,,
Fri Jan 12 22:37:08 +0000 2024,@griselruiz88 @jokowi @prabowo @gibran_tweet @aniesbaswedan @ganjarpranowo @puanmaharani_ri @Ghurem2 @ribonk @ARSIPAJA Semoga 14 februari pemenangnya Prabowo Gibran,positif,,,,
Fri Jan 12 22:36:50 +0000 2024,@griselruiz88 @jokowi @prabowo @gibran_tweet @aniesbaswedan @ganjarpranowo @puanmaharani_ri @devy_casanofa @alisyarief @Dew0W1snu Pilihlah Prabowo Subianto saja,positif,,,,
Fri Jan 12 22:36:32 +0000 2024,@gorunbiraz3 @jokowi @prabowo @gibran_tweet @ganjarpranowo @puanmaharani_ri @Putri_Everhart @berlianidris Jagoanku memang mantap,positif,,,,
Fri Jan 12 22:36:27 +0000 2024,@Lembayung071 @prabowo @gibran_tweet @Gerindra @PartaiGolkar Siapa yang IKHLAS memberikan Kekuasaan kepada seorang PENCULIK Antek Cendana ...... SIAPA ?,negatif,,,,
Fri Jan 12 22:36:15 +0000 2024,@griselruiz88 @jokowi @prabowo @gibran_tweet @aniesbaswedan @ganjarpranowo @puanmaharani_ri @Jelli_cent @okkymadasari @03__nakula Jangan lupa tanggal 14 Februari pilih 02,positif,,,,
Fri Jan 12 22:36:14 +0000 2024,Percayalah pada Prabowo and Gibran. #kodekita08 PilihPrabowoGibran02 Mereka akan membawa Indonesia menuju masa depan yang lebih baik. #kodekita08 PilihPrabowoGibran02,positif,,,,
Fri Jan 12 22:36:06 +0000 2024,"@JokoPintar2 @gus_muslih @prabowo @gibran_tweet Wkwkk... memalukan otak kamu. Justru Prabowo adalah sesepuh kadrun radikalis, rekam jejaknya jelas. #GanjarMahfudMenang gak punya rekam jejak dukung kadrun",negatif,,,,
Fri Jan 12 22:35:56 +0000 2024,@griselruiz88 @jokowi @prabowo @gibran_tweet @aniesbaswedan @ganjarpranowo @puanmaharani_ri @akupadi5 @bentangnegeri @Putri_Everhart Mari kita berdoa agar Pak Prabowo selalu diberi kesehatan agar bisa pimpin negeri ini,positif,,,,
Fri Jan 12 22:33:43 +0000 2024,@gorunbiraz3 @jokowi @prabowo @gibran_tweet @aniesbaswedan @ganjarpranowo @puanmaharani_ri @WagimanDeep212_ @blantik_pedhet2 @Anak__Ogi Orang bijak akan dukung Prabowo,positif,,,,
Fri Jan 12 22:33:39 +0000 2024,"@TeddGus @prabowo @gibran_tweet Duit drpd buat 2x putaran Pemilu. Mending dikasih ke  orang2 atau Mahasiswa yg bisa mempunyai ide memakmurkan bagi2 makan rakyat yg kelaparan, banyak bung, bukan mahasiswa tukang demo2 caci maki",,,,,
Fri Jan 12 22:33:24 +0000 2024,@griselruiz88 @jokowi @prabowo @gibran_tweet @aniesbaswedan @ganjarpranowo @puanmaharani_ri @RstmBcl @ShamsiAli2 @Paltiwest Mantabbb mari kita bersama menangin Prabowo Gibran,positif,,,,
Fri Jan 12 22:33:17 +0000 2024,@CNNIndonesia Program Prabowo Gibran program yang sangat penting,positif,,,,
Fri Jan 12 22:33:12 +0000 2024,"@mirashahabudin @RcyberProj0 @Gerindra @gibran_tweet @prabowo @budimuni98 @handoko2411 @Projo_Pusat @FALDA81 Dukungan kepada Pak Prabowo menjadi semakin mantap melihat bahwa beliau tidak hanya memiliki rencana jangka pendek, tetapi juga strategi jangka panjang untuk kemajuan negara.",positif,,,,
Fri Jan 12 22:33:07 +0000 2024,Kubu anies dan ganjar itu aslinya pemilihnya gamang atau masih ragu2  28% itu masih ambigu yg pro jokowi ragu milih wowo yg pro Prabowo ragu milih gibran  dan mereka bukan barisan kadrun/simpatisan partai  dan dgn isu 01&amp 03 merger mereka jd jelas yakin pilih 02 yg pas 1 putaran,,,,,
Fri Jan 12 22:33:05 +0000 2024,@griselruiz88 @jokowi @prabowo @gibran_tweet @aniesbaswedan @ganjarpranowo @puanmaharani_ri @Maudy_Apain @berlianidris @sayajggatau So pasti Prabowo pemimpin kita,positif,,,,
Fri Jan 12 22:32:46 +0000 2024,@gorunbiraz3 @jokowi @prabowo @gibran_tweet @aniesbaswedan @ganjarpranowo @puanmaharani_ri @Kanjeng2022 @EviDrajat @yeyeskii Prabowo RI 1,positif,,,,
Fri Jan 12 22:32:22 +0000 2024,"@griselruiz88 @ganjarpranowo @mohmahfudmd @prabowo @gibran_tweet @jokowi @puanmaharani_ri @aniesbaswedan @ekowboy2 @pakaipeci @yusuf_dumdum Prabowo teratas, paslon lain mah jauh di bawah",,,,,
Fri Jan 12 22:29:48 +0000 2024,@kimpoyindonesia @prabowo @gibran_tweet @jokowi Hahah keren min,,,,,
Fri Jan 12 22:29:34 +0000 2024,Deretan Purnawirawan TNI/Polri Dukung Prabowo-Gibran https://t.co/jhiVEkRX9E,positif,,,,
Fri Jan 12 22:29:29 +0000 2024,@kimpoyindonesia @prabowo @gibran_tweet @jokowi Siapa itu owowkwok,,,,,
Fri Jan 12 22:29:26 +0000 2024,"@JokoPintar2 @gus_muslih @prabowo @gibran_tweet Ikn sudah ditawarkan keluar negri sm rezim jokowi, apa itu kaga menjual namanya",,,,,
Fri Jan 12 22:29:02 +0000 2024,@kimpoyindonesia @prabowo @gibran_tweet @jokowi Siapa ya,,,,,
Fri Jan 12 22:28:37 +0000 2024,"@dsvwaikdjns @RcyberProj0 @Gerindra @gibran_tweet @prabowo @budimuni98 @handoko2411 @Projo_Pusat @FALDA81 Dukungan kepada Pak Prabowo Subianto menjadi semakin mantap melihat track record beliau yang kaya akan pengalaman, memberikan keyakinan akan kemampuannya memimpin dengan bijak.",positif,,,,
Fri Jan 12 22:28:35 +0000 2024,@kimpoyindonesia @prabowo @gibran_tweet @jokowi Iya iya,,,,,
Fri Jan 12 22:25:04 +0000 2024,"Anis Matta Terima Aspirasi Nelayan, Siap Menangkan Prabowo-Gibran Satu Putaran  #parahyanganpost  https://t.co/W62v0HdW18",positif,,,,
Fri Jan 12 22:23:30 +0000 2024,@siregar_elang @prabowo @gibran_tweet @Dennysiregar7 Loh kok jadi pendukung khilafah kabeh.,,,,,
Fri Jan 12 22:23:02 +0000 2024,"@TeddGus @prabowo @gibran_tweet Produk gagal Orde Baru. Produk gagal 3 x pilpres.  Terus lu dukung jadi presiden? (walau pernah juga lo hina dan menjelekkan). Katanya mau cari calon presiden yang lebih baik dari Jokowi, tapi kok pilih Produk Gagal dan bahkan yang sudah dikalahkan @jokowi 2 x?   Lu waras ted?""",,,,,
Fri Jan 12 22:22:49 +0000 2024,@gus_muslih Yang penting pemimpin nya yg benar benar bangsa indonesia yang Nasionalis bukan agamais..... Prabowo Gibran hrus di dukung penuh jadi Pemimpin 2024 ....Presiden RI,positif,,,,
Fri Jan 12 22:22:35 +0000 2024,"Melihat hembusan angin dari berbagai penjuru semakin banyak menuju ke pusat yang sama, maka....  Relawan Anies dan Ganjar Kompak Pindah Dukungan ke Prabowo-Gibran  https://t.co/IESTfR2xfI",,,,,
Fri Jan 12 22:22:06 +0000 2024,Deretan Purnawirawan TNI/Polri Dukung Prabowo-Gibran https://t.co/dTolzHTWvh #KLYNews,,,,,
Fri Jan 12 22:21:06 +0000 2024,Prabowo Merasa Gibran Penyebab Kesalahan dalam Debat Capres  https://t.co/WurCrbWuts https://t.co/WurCrbWuts,negatif,,,,
Fri Jan 12 22:18:57 +0000 2024,"@liliesjayajaya @DokterTifa @aniesbaswedan @gibran_tweet @prabowo @Gerindra Dia mana ada kaca, adanya aquarium buat ikan.",,,,,
Fri Jan 12 22:18:26 +0000 2024,"@RcyberProj0 @Gerindra @gibran_tweet @prabowo @budimuni98 @handoko2411 @Projo_Pusat @FALDA81 Menang setengah putaran, segera saja dilantik menjadi Presiden Surepay Indonesia ü§≠",,,,,
Fri Jan 12 22:17:47 +0000 2024,"@TaufikRendusara @PDemokrat @prabowo @gibran_tweet @AgusYudhoyono tetep aja  lu itu gak diajak"" https://t.co/af3H7xVprd""",,,,,
Fri Jan 12 22:16:29 +0000 2024,@rinaldy_re9401 @kejumanis98 @sapakieeee @kegblgnunfaedh @Fahrihamzah @prabowo @gibran_tweet @Gerindra @Partai_Gelora @OSingkong28247 @gamandrasyah Baligo segede gaban warnanya aja biru muda üòÇüòÇüòÇüòÇ https://t.co/WSlbjv7ODp,,,,,
Fri Jan 12 22:16:09 +0000 2024,@NKRI5758 @RcyberProj0 @Gerindra @gibran_tweet @prabowo @budimuni98 @handoko2411 @Projo_Pusat @FALDA81 @jokowi 2019 surepaynya juga tinggi terus tapi keok,,,,,
Fri Jan 12 22:15:49 +0000 2024,"@Hasbil_Lbs @prabowo @gibran_tweet Menang satu putaran  Kocak *@ü§£ü§£ü§£ü§£ü§£ü§£ü§£ü§£,   Lihat foto itu jadi ingat yang diperiksa. @KPK ü§≠ü§≠ü§≠""",,,,,
Fri Jan 12 22:15:36 +0000 2024,@Hasbil_Lbs @prabowo @gibran_tweet Tidak 02,,,,,
Fri Jan 12 22:15:31 +0000 2024,@rinaldy_re9401 @kejumanis98 @sapakieeee @kegblgnunfaedh @Fahrihamzah @prabowo @gibran_tweet @Gerindra @Partai_Gelora Ada yg bantah dr @OSingkong28247 elunya aja kurang baca ü§£ü§£ dan ga di bantah lagi sama @gamandrasyah  ü§£ü§£ü§£ https://t.co/2QNCdIvBOq,,,,,
Fri Jan 12 22:14:52 +0000 2024,@gus_muslih @JokoPintar2 @prabowo @gibran_tweet Habib Lutfi bin Yahya,,,,,
Fri Jan 12 22:14:23 +0000 2024,@TeddGus @prabowo @gibran_tweet SATU PUTARAN .. NDASMU!!!. SAMPAH,negatif,,,,
Fri Jan 12 22:13:46 +0000 2024,"@siregar_elang @prabowo @gibran_tweet @Dennysiregar7 Koalisi dg siapapun sah2 saja. Yang ga boleh itu, memperkosa konstitusi demi lolosnya sang anak. Ini yang dilawan.",negatif,,,,
Fri Jan 12 22:13:30 +0000 2024,@TeddGus @prabowo @gibran_tweet Yaa klu udh yakin bakal menang ya duduk manis aja gak usah kesana kemari jelek2in paslon lain.. nambah dosa aja lu,,,,,
Fri Jan 12 22:12:26 +0000 2024,@jalurlangit1999 @kejumanis98 @kegblgnunfaedh @Fahrihamzah @prabowo @gibran_tweet @Gerindra @Partai_Gelora Makin sini jadi kaya mirip PSI dlu yah? ü§£ü§£ü§£,,,,,
Fri Jan 12 22:10:30 +0000 2024,@Ki_Cebong99 Yah kalau ga ada gibran mana mau mereka merapat. Kalau ga ada prabowo di mana Jokowi akan merapat. Namanya juga kepentingan hehe...,,,,,
Fri Jan 12 22:10:22 +0000 2024,Dukungan penuh untuk Prabowo and Gibran. #kodekita08 PilihPrabowoGibran02 Semoga sukses dalam semua usahamu. #kodekita08 PilihPrabowoGibran02,positif,,,,
Fri Jan 12 22:02:56 +0000 2024,@NenkMonica Ngk apa2 hanya 1 wanita. 51% Rakyat indonesia memenangkan Prabowo&amp Gibran februari 2024üòä,positif,,,,
Fri Jan 12 22:01:44 +0000 2024,"@prabowo 2014, 2019.. bahkan 2009, 2005.. saya selalu pilih prabowo.. skrg saya ngerti, knp alloh tdk jadikan anda presiden ri. saya pun skrg mantap gakan pilih 02, awalnya krn ada gibran hasil curang mk, ternyata sifat asli dan cerita culik bukan hoax.. makin yakin tidak pilih 02 prabowo",negatif,,,,
Fri Jan 12 21:59:57 +0000 2024,"@TeddGus @prabowo @gibran_tweet 02 = Mr esemka 3 periode 03 = pettuggaass parte 3 periode Sutradaranya sama,.. Alurnya sama   _ menindas rakyat - menaikan pajak - pangan mahal - hukum tebang pilih _ rusaknya tatanan bernegara _ semua UU menguntungkan oligarki dan aseng",negatif,,,,
Fri Jan 12 21:58:50 +0000 2024,"@TeddGus @prabowo @gibran_tweet Menang 1 putaran tapi di depan KADIN bicara burger king, ngak guna tweet panjang anda..!!üòÖ",,,,,
Fri Jan 12 21:48:29 +0000 2024,Salam solidaritas untuk Prabowo dan Gibran dalam memimpin negara. #kodekita08 PilihPrabowoGibran02,positif,,,,
Fri Jan 12 21:47:30 +0000 2024,Prabowo dan Gibran adalah harapan bagi generasi masa depan. #kodekita08 PilihPrabowoGibran02 Mari kita dukung mereka. #kodekita08 PilihPrabowoGibran02,positif,,,,
