created_at,full_text,sentimen
Fri Dec 15 23:59:40 +0000 2023,@degepedelapan KTP Sakit Ganjar-Mahfud https://t.co/VY9z8zdIxc,positif
Fri Dec 15 23:59:33 +0000 2023,"Ingatkan Anak Muda, TPM Ganjar-Mahfud: Pilih yang Menjaga Demokrasi https://t.co/TpkCzI7F5b",positif
Fri Dec 15 23:59:24 +0000 2023,@degepedelapan Ganjar-Mahfud mengusung program satu keluarga miskin satu sarjana https://t.co/xpA3qtmNqQ,positif
Fri Dec 15 23:59:21 +0000 2023,Ganjar Mahfud Calon Presiden pilihan rakyat dengan segudang prestasi dan berkomitmen bersihkan Korupsi  #GanjarMahfudSatset https://t.co/PQnMSLgXEq,positif
Fri Dec 15 23:59:12 +0000 2023,@RizkiR4madani Gaspolll dong untuk Ganjar-Mahfud M3nang,positif
Fri Dec 15 23:58:52 +0000 2023,@officialinews_ kedekatan Ganjar Mahfud dengan masyarakat biasa adalah alasan mengapa Ganjar Mahfud mendapat dukungan luas masyarakat merasakan bahwa mereka adalah pemimpin yg mendengarkan dan peduli Ganjar Mahfud,positif
Fri Dec 15 23:57:32 +0000 2023,@officialinews_ Salut banget sama Pak Ganjar dan Pak Mahfud,positif
Fri Dec 15 23:57:02 +0000 2023,@ganjarpranowo Pak ganjar dan pak mahfud pasti akan memberantas korupsi kolusi nepotisme di negeri ini,positif
Fri Dec 15 23:57:01 +0000 2023,@tvOneNews kedekatan Ganjar Mahfud dengan masyarakat biasa adalah alasan mengapa Ganjar Mahfud mendapat dukungan luas masyarakat merasakan bahwa mereka adalah pemimpin yg mendengarkan dan peduli Ganjar Mahfud,positif
Fri Dec 15 23:55:56 +0000 2023,@detikcom kedekatan Ganjar Mahfud dengan masyarakat biasa adalah alasan mengapa Ganjar Mahfud mendapat dukungan luas masyarakat merasakan bahwa mereka adalah pemimpin yg mendengarkan dan peduli Ganjar Mahfud,
Fri Dec 15 23:55:45 +0000 2023,@Dennysiregar7 Memang ya pilihan terbaik itu hanya Ganjar Mahfud,positif
Fri Dec 15 23:55:20 +0000 2023,@officialinews_ Tetap pilih Ganjar Mahfud,positif
Fri Dec 15 23:55:10 +0000 2023,@ganjarpranowo Pak ganjar dan pak mahfud gaspol anti korupsi dan KKN mari kita sama2 wujudkan cita2 mulia mereka,positif
Fri Dec 15 23:53:02 +0000 2023,"Integritas, Kualitas dan Intelektualitas. Ganjar-Mahfud punya ketiganya.",positif
Fri Dec 15 23:51:38 +0000 2023,"@SlamB17 @PDI_Perjuangan Klo ini lagi broken heart bukan fall in love..  @PDI_Perjuangan apa gara2 aku minta jd Ketum, kan bukan Anak Presiden. ğŸ˜ğŸ˜‚ğŸ¤£ . Jangan ketawa ya aki peot @YRadianto  Om @Candra4smara Tante @Ghurem2  Oma @OniMeniq74  Bro @Bungfranks  . Yang penting 2024  â¤Ganjar - Mahfud for ğŸ‡®ğŸ‡© https://t.co/b3dsC1jOKY",
Fri Dec 15 23:51:34 +0000 2023,"Program Ganjar Mahfud wujudkan satu keluarga miskin satu sarjana, semua bisa kerja  #GanjarMahfud2024  #GanjarMahfudSatset  #GanjarUntukSemua   #MyDemonEp7 Tegal Karina Na PD #DeathsGame BANGTAN DEBUT Kerasa NANA TOUR yeonjun https://t.co/C689vKhrvH",positif
Fri Dec 15 23:51:26 +0000 2023,Survei Roy Morgan : Ganjar Mahfud ungguli 2 pasangan lainnya  #GanjarMahfud2024 #GanjarMahfudSatset #GanjarUntukSemua #MyDemonEp7 Tegal Karina Na PD #DeathsGame BANGTAN DEBUT Kerasa NANA TOUR yeonjun https://t.co/4ScNtjEt2w,
Fri Dec 15 23:51:09 +0000 2023,Ganjar Mahfud sat set https://t.co/rYXYKS18BJ,positif
Fri Dec 15 23:51:08 +0000 2023,Outfit debat Pilpres Perdana Perdana.  Tidak abu-abu dan tidak ragu ragu. Satset dalam melakukan segala tugas. Ganjar Mahfud pilihan terbaik  #GanjarMahfud2024 #GanjarMahfudSatset #GanjarUntukSemua #MyDemonEp7 Tegal Karina Na PD #DeathsGame BANGTAN DEBUT Kerasa NANA TOUR yeonjun https://t.co/1REkEpz3qu,positif
Fri Dec 15 23:50:51 +0000 2023,"@hansssolo RG lagi halu membayangkan Gibran dilantik. Mimpinya jelek amat RG, mimpi itu yg indah gitu loh, yg dilantik itu Ganjar Mahfud.",
Fri Dec 15 23:50:05 +0000 2023,Ganjar Pranowo Tak Ragukan Keahlian Mahfud MD Soal Ekonomi di Debat Cawapres https://t.co/8ZHCucy36x,positif
Fri Dec 15 23:50:03 +0000 2023,"Ungkap Pencopotan 70 Baliho Ganjar-Mahfud di Banten, TPN: Dipasang Siang Hari, Malamnya Sudah Hilang https://t.co/s4zlZe32Qi",
Fri Dec 15 23:50:00 +0000 2023,"Ditanya Gen Z soal Rohingya, Ganjar: Ratifikasi ke PBB dan Jalin Komunikasi dengan ASEAN #LanjutGAN #LanjutGANsemuakerja #LanjutGANsemuamurah #GanjarSikatKorupsi #GanjarMahfud #GanjarPranowo #GerakCepat #MahfudMD #IndonesiaUnggul #IndonesiaLebihBaik  https://t.co/wRDVh0P1o0",
Fri Dec 15 23:49:07 +0000 2023,Ganjar-Mahfud Calon Presiden yg pantas memimpin Indonesia!! https://t.co/AjoTnNxbBc,positif
Fri Dec 15 23:48:15 +0000 2023,@ganjarpranowo Pak ganjar tebaikkk harapan rakyat indonesia bersama pak ganjar dan pak mahfud KKN di negari ini akan di tuntaskan,positif
Fri Dec 15 23:47:36 +0000 2023,"@mesheviksus2 @great_fleet gw gk bisa mikir logikanya juga.  Kunci pemilu skrg itu di warga NU, terutama di Jatim. Anies sebenernya udah selangkah dua langkah maju di depan, walau Muhaimin sebenernya gk bagus, untuk gaet org NU. Itu kemudian diikuti sm Ganjar yg milih Mahfud MD, org NU dr Tapal Kuda.",
Fri Dec 15 23:47:11 +0000 2023,Dear buat para komandanÂ² elit parta koalisi pendukung Ganjar Mahfud kalian wajib fokus kemenangan kagak usah tengok kanan kiri kayak kipas angin Apa kalian tdk malu kalo brmain Â¹/Â² hati? Sedangkan kami yg bagian gempur darat sdh sgt berdarahÂ²  Ksatria itu ngadek jejek karo sikile,
Fri Dec 15 23:46:34 +0000 2023,Ganjar Mahfud sat set https://t.co/iwOdUEZS6q,
Fri Dec 15 23:44:59 +0000 2023,"@hansssolo Buka mata, buka hati, hidup adalah kenyataan - bukan halusinasi dan mimpi.  Ganjar - Mahfud the best.",positif
Fri Dec 15 23:44:56 +0000 2023,@ganjarpranowo Benar sekali Pak Ganjar ini tidak boleh di biarkan semoga Pak Ganjar dan Pak Mahfud yang terpilih sebagai Pemimpin bangsa ini agar semua yang telah rusak ini secara di perbaiki !,positif
Fri Dec 15 23:44:26 +0000 2023,"Ngobrol santai @ganjarpranowo bareng Generasi Z dan Milenial di Mattea Social Space, Bekasi (15/12/2023). Dalam agenda tersebut penuh dengan pembelajaran seputar industri, olahraga dan seni.   Ganjar Mahfud M3nang  #GanjarMahfud2024  Gacoan https://t.co/JqsayQZ62Z",positif
Fri Dec 15 23:43:17 +0000 2023,Dukung Ganjar Mahfud https://t.co/YHGnFP9AU3,positif
Fri Dec 15 23:42:19 +0000 2023,Dukung Ganjar Mahfud https://t.co/xRE2T5P5hd,
Fri Dec 15 23:42:09 +0000 2023,@ganjarpranowo Saat nya pak Ganjar Mahfud  Tuntaskan  kurupsi di kota BB UPI say Karawang kawasan industri,positif
Fri Dec 15 23:42:00 +0000 2023,@ganjarpranowo Kasus kayak gini masih ada Pak semoga nanti pak ganjar dan Pak Mahfud bisa membereskannya,positif
Fri Dec 15 23:42:00 +0000 2023,Dukung Ganjar Mahfud https://t.co/Fb69iBfl06,
Fri Dec 15 23:41:28 +0000 2023,@MarahIchsan Sodaraku senusantara ayooo gerak cepat SAT SET coblos GANJAR MAHFUD capres cawapres paling sempurna cerdas santun sehat hasil kerja nyata perhatikan rakyat bawah tdk bnyk omong dg menata kata beretorika dn joged coblos nmr 3 Ganjar Mahfud presiden 2024 - 2029 amiiin,positif
Fri Dec 15 23:40:48 +0000 2023,"@Dennysiregar7 Lebih baik pilih Ganjar Mahfud aja, program nya semua untuk kemajuan dan kecerdasan bangsa",positif
Fri Dec 15 23:39:57 +0000 2023,Dukung Ganjar Mahfud https://t.co/pjgAsqogOU,
Fri Dec 15 23:39:47 +0000 2023,Dukung Ganjar Mahfud https://t.co/4xzlHJwVdZ,
Fri Dec 15 23:39:39 +0000 2023,Dukung Ganjar Mahfud https://t.co/KLEZ1Rc2gP,
Fri Dec 15 23:38:27 +0000 2023,@Melihat_Indo Mari bersama sama dukung pak Ganjar Mahfud untuk bisa memberikan hasil yang terbaik buat rakyatnya dan mengabdi buat rakyat ğŸ’ªğŸ’ªğŸ¤ŸğŸ¤²,
Fri Dec 15 23:38:16 +0000 2023,"Gak percuma kalau Bapak yg Satu ini dijuluki Bapak Truk Nusantara karena berperanbantu sopir truk  berantas pungli  Terbukti ketika Komunitas Driver Comal di Pemalang, Jateng, memberikan dukungan dgn kompak gambari bak truk mereka dgn Ganjar-Mahfud  https://t.co/o68xbwmkNb https://t.co/4BlU5OgJC3",
Fri Dec 15 23:37:41 +0000 2023,Hanya dengan baca ini kau pasti tahu keberpihakan Ganjar Mahfud kepada UMKM ye kan?  #GasssGanjarMahfud  .  Pic nyomot dari @SahabatSaber ğŸ™ . https://t.co/rSDmB7kvOQ,
Fri Dec 15 23:37:15 +0000 2023,"merakyat bukanlah sekadar kata kata kosong bagi Ganjar Mahfud, melainkan cara hidup mereka mereka sering menghabiskan waktu untuk berbicara dengan masyarakat, mendengarkan permasalahan mereka, dan mencari solusi bersama Ganjar Mahfud #KerjaB3rsamaGanjar https://t.co/ZaTtCHDGST",positif
Fri Dec 15 23:36:12 +0000 2023,Ganjar â€“ Mahfud Akan Bentuk Kabinet Bersih dan Profesional  https://t.co/YsXSKVtrri,positif
Fri Dec 15 23:35:58 +0000 2023,"@antaranews merakyat bukanlah sekadar kata kata kosong bagi Ganjar Mahfud, melainkan cara hidup mereka mereka sering menghabiskan waktu untuk berbicara dengan masyarakat, mendengarkan permasalahan mereka, dan mencari solusi bersama Ganjar Mahfud",positif
Fri Dec 15 23:35:49 +0000 2023,@ganjarpranowo rakyat akan selalu mendukung dan menangkan pak ganjar mahfud.,positif
Fri Dec 15 23:35:17 +0000 2023,@ganjarpranowo mari berantas para koruptor bersama pak ganjar mahfud.,positif
Fri Dec 15 23:34:34 +0000 2023,Dpc Teman Ganjar Brebes siap menangkan Ganjar-Mahfud.... https://t.co/ilwqSdPjTy,
Fri Dec 15 23:34:02 +0000 2023,@Gus_Raharjo @PDI_Perjuangan Kami tim ganjar mahfud untuk di 2024 dong,
Fri Dec 15 23:33:32 +0000 2023,"@SINDOnews merakyat bukanlah sekadar kata kata kosong bagi Ganjar Mahfud, melainkan cara hidup mereka mereka sering menghabiskan waktu untuk berbicara dengan masyarakat, mendengarkan permasalahan mereka, dan mencari solusi bersama Ganjar Mahfud",
Fri Dec 15 23:32:55 +0000 2023,"@_rakyatmerdeka merakyat bukanlah sekadar kata kata kosong bagi Ganjar Mahfud, melainkan cara hidup mereka mereka sering menghabiskan waktu untuk berbicara dengan masyarakat, mendengarkan permasalahan mereka, dan mencari solusi bersama Ganjar Mahfud",
Fri Dec 15 23:32:37 +0000 2023,"@liputan6dotcom merakyat bukanlah sekadar kata kata kosong bagi Ganjar Mahfud, melainkan cara hidup mereka mereka sering menghabiskan waktu untuk berbicara dengan masyarakat, mendengarkan permasalahan mereka, dan mencari solusi bersama Ganjar Mahfud",
Fri Dec 15 23:32:35 +0000 2023,Pemimpin yang merakyat dan dicintai rakyat indonesia #GanjarMahfud https://t.co/6uOOES0EjC,
Fri Dec 15 23:32:34 +0000 2023,Solidaritas yang Menguat: Tokoh dan Masyarakat Bersatu Mendukung Ganjar - Mahfud untuk Masa Depan yang Lebih Baik #GanjarMahfud https://t.co/cKA19k3JZf,
Fri Dec 15 23:32:18 +0000 2023,"Melalui program Pelatihan, Pemasaran, dan Permodalan ini harapannya dapat membuka banyak peluang bisnis baru dan pengembangan variasi dalam industri UMKM.  Optimis langkah  PPP bersama Ganjar-Mahfud ini dapat berkontribusi ciptakan 17 juta lapangan kerja. #GanjarMahfudSatset https://t.co/KFYIsGaGmj",
Fri Dec 15 23:32:12 +0000 2023,"@tvOneNews Indonesia tidak butuh Anies, Butuh yang pasti saja seperti Ganjar Mahfud",
Fri Dec 15 23:32:11 +0000 2023,@officialinews_ gaspoll Ganjar Mahfud ğŸ¥°,
Fri Dec 15 23:30:43 +0000 2023,Survey membuktikan bahwa  Cuma Ganjar Mahfud yang anti khianat,
Fri Dec 15 23:30:31 +0000 2023,"@YRadianto Tukang becak lewat bilang : ganjar korupsi ektp, dan jaman mahfud jd menteri, koruptor dihukum ringan, dan banyak kasus korupsi yg ga selesai......korupsi kemenkeu buktinya..kmn tu skrng...?????",
Fri Dec 15 23:30:30 +0000 2023,@liputan6dotcom Begitu ditakuti nya Pak Ganjar Mahfud oleh lawan nyağŸ˜‚,
Fri Dec 15 23:30:17 +0000 2023,@Melihat_Indo Salam tiga jari dari kalangan muda Garut Selatan bergerak serentak berdampak mewujudkan Indonesia berkeadilan bersama pasangan Ganjar Mahfud,
Fri Dec 15 23:28:45 +0000 2023,@Muhammad_Saewad Ganjar mahfud pst telak menang,
Fri Dec 15 23:28:12 +0000 2023,"@bengkeldodo Selamat ya, #Prabowo menang di survei di dumay. Pemenang yg di dunia nyata dan fakta yg sebenarnya adalah @ganjarmahfud.  #GanjarMahfudM3nang  #GanjarPresiden  #GanjarMahfudPilihanRakyat",
Fri Dec 15 23:28:10 +0000 2023,@Melihat_Indo Sebagai kalangan perempuan muda pemilih pemula semakin yakin dan optimis mewujudkan Indonesia berkeadilan bersama Ganjar Mahfud,
Fri Dec 15 23:26:45 +0000 2023,@liputan6dotcom Gass poll terus Ganjar Mahfud optimis bisa m3nang total ğŸ”¥ğŸ¤Ÿ,
Fri Dec 15 23:26:07 +0000 2023,@ganjarpranowo Dari rekam jejak pak ganjar dan pak mahfud mereka sangat tegas dengan KKN,
Fri Dec 15 23:25:53 +0000 2023,Team team inti Ganjar Mahfud itu orgÂ² hebat di bidangnya msgÂ² Kolaborasi serta kerja sama yg sgt epik antar semuanya  Tunggunen 2024!!! https://t.co/hIloTdUybv,
Fri Dec 15 23:25:20 +0000 2023,Pak Ganjar Pranowo Memang Luar Biasa!!  #GanjarMahfud #GanjarPresiden https://t.co/A2knw4bwl8,
Fri Dec 15 23:24:56 +0000 2023,Ganjar Mahfud mendapat Banyak Dukungan dari Masyarakat!!  #GanjarMahfud #GanjarPresiden https://t.co/yrWusSkeiM,
Fri Dec 15 23:24:24 +0000 2023,Ganjar Mahfud di Cintai oleh Masyarakat!!  #GanjarMahfud #GanjarPresiden https://t.co/43vwgnCwS5,
Fri Dec 15 23:24:15 +0000 2023,@kompascom Bismillah Ganjar-Mahfud M3nang ğŸ¤ŸğŸ¼,
Fri Dec 15 23:24:15 +0000 2023,@ganjarpranowo Maju terus bersama PK Ganjar Mahfud demi Indonesia emas gaspol,
Fri Dec 15 23:23:50 +0000 2023,@Gus_Raharjo Sebagai kalangan perempuan muda pemilih pemula jd semakin semangat untuk memenangkan pasangan Ganjar Mahfud,
Fri Dec 15 23:23:29 +0000 2023,@ganjarpranowo Tidak asing lagi itu pak melamar kerja diminta uang dengan kepemimpinan Ganjar Mahfud bisa di berantas dengan baik,
Fri Dec 15 23:23:00 +0000 2023,Ganjar-Mahfud Tawarkan Program KTP Sakti https://t.co/4DzEsX1xZS . ',
Fri Dec 15 23:20:41 +0000 2023,"@Gus_Raharjo Jadi semakin Yakin dan optimis bersama pasangan Ganjar Mahfud isu HAM akan segera tuntas, Gassppoll",
Fri Dec 15 23:20:32 +0000 2023,@cagubnyinyir2 @Ganjar_Mahfud_3 @mas_alku @ferrybckup21 @bengkeldodo PRAGIB pasti menang ğŸ˜ŠâœŒï¸ğŸ‡®ğŸ‡©âœŒï¸,
Fri Dec 15 23:20:30 +0000 2023,@ganjarpranowo Benar sekali Pak Ganjar ini tidak boleh di biarkan semoga Pak Ganjar dan Pak Mahfud yang terpilih sebagai Pemimpin bangsa ini agar semua yang telah rusak ini secara di perbaiki !,
Fri Dec 15 23:18:57 +0000 2023,@kumparan Yakin pasti menang pak Ganjar mahfud,
Fri Dec 15 23:18:41 +0000 2023,@Melihat_Indo Bersma rakyat pak ganjar dan pak mahfud pasti menang,
Fri Dec 15 23:18:34 +0000 2023,@kumparan Optimis Dukung menangkan Ganjar Mahfud kawall sampai menang totall âœŠğŸ¤Ÿ,
Fri Dec 15 23:17:04 +0000 2023,@SINDOnews Bismillah yok kawal Ganjar Mahfud ğŸ¤Ÿ,
Fri Dec 15 23:16:52 +0000 2023,@Gus_Raharjo Mari kita bergerak serentak berdampak mewujudkan Indonesia berkeadilan bersama pasangan Ganjar Mahfud. Isu HAM tuntas,
Fri Dec 15 23:16:48 +0000 2023,"@Melihat_Indo Bismillah semoga pak ganjar mahfud pasti menang, berdiri bersama rakyat",
Fri Dec 15 23:16:31 +0000 2023,Haris Pertama Tegaskan Hanya Ganjar â€“ Mahfud yang Bisa Tumpas Korupsi  https://t.co/dYWL76RgwR,
Fri Dec 15 23:16:01 +0000 2023,@Gus_Raharjo kaget banget cuy baru jadi capres udah gituğŸ¥² semoga presidenn RI satu Pak Ganjar - Mahfud yang lebih punya budi pekerti dan tatakrama yg baik,
Fri Dec 15 23:16:00 +0000 2023,@adearmando61 Ketika Mahfud MD jadi ketua kemenangan Prabowo....tapi saya milih Ganjar Pranowo bukan Mahfud MD....gak masalah kok..,
Fri Dec 15 23:15:54 +0000 2023,@Gus_Raharjo @PDI_Perjuangan Fokus untuk dukung Ganjar Mahfud. Pak Gemoi biarkan menikmati masa tuanya dengan tenang dan damai tanpa direpotkan urusan negara,
Fri Dec 15 23:15:52 +0000 2023,@ganjarpranowo Pak ganjar dari dulu terkenal tegas dalam mengatasi koruptor KKN apalagi pak mahfud,
Fri Dec 15 23:15:30 +0000 2023,Pak Ganjar Mahfud sangat peduli dengan rakyat #KerjaB3rsamaGanjar https://t.co/eeWx4jgal5,
Fri Dec 15 23:15:04 +0000 2023,@liputan6dotcom Semangat selalu pak. Semoga sehat. Ganjar Mahfud ttap pilihan yang terbaikğŸ”¥,
Fri Dec 15 23:13:11 +0000 2023,"@Melihat_Indo Tetap semangat berjuang bersama rakyat pak,kami akan selalu mendukung mu pak Ganjar Mahfud",
Fri Dec 15 23:13:06 +0000 2023,"@Gus_Raharjo Semoga bersama pasangan Ganjar Mahfud isu HAM tuntas, sat set tas tes",
Fri Dec 15 23:11:09 +0000 2023,@ganjarpranowo Karena itu Ganjar Pranowo dan Mahfud MD hadir sebagai Pemimpin selanjut nya yang akan merubah segala tindak kecurangan maupun sistem yang tidak baik akan segera diperbaiki Korupsi Kolusi dan Nepotisme adalah musuh kita bersama.,
Fri Dec 15 23:11:04 +0000 2023,"@Gus_Raharjo Ingkar janji nih jadinya, optimis pak Ganjar Mahfud ahlinya menyelesaikan konflik ini",
Fri Dec 15 23:10:42 +0000 2023,@EPras92_ @ganjarpranowo @Joker_Wedoks @Bambangmulyonoo @Ganjar_Mahfud_3 @marwahnegeri @kakehan_gludug @Paltiwest @PartBurungGalak @Pradaprasetya21 @Ganjar_Mahfud03 Semoga sukses dg doa byk kyai,
Fri Dec 15 23:10:31 +0000 2023,pokoknya kalau ganjar mahfud tinggi itu baru survei jujur,
Fri Dec 15 23:09:51 +0000 2023,@tvOneNews All in for Ganjar Mahfud,
Fri Dec 15 23:09:49 +0000 2023,Ganjar-Mahfud siap memberikan solusi pekerjaan #KerjaB3rsamaGanjar https://t.co/U0j9tqmq6i,
Fri Dec 15 23:09:35 +0000 2023,"@liputan6dotcom Semoga selalu dilancarkan visii misinya bapak ganjar mahfud ,dukung dampingi sampai menang",
Fri Dec 15 23:09:31 +0000 2023,@KakekHalal Hidup pak ganjar  mahfud ğŸ¤ŸğŸ¤ŸğŸ¤Ÿ,
Fri Dec 15 23:08:22 +0000 2023,Ganjar mahfud  Presiden Indonesia,
Fri Dec 15 23:08:17 +0000 2023,"Jawaban paling logis dan sudah/bisa diaplikasikan setelah terpilihnya nanti adalah jawaban dari pasangan 03, GanjarMahfud. #GasssGanjarMahfud https://t.co/H4cofnIub8",
Fri Dec 15 23:08:15 +0000 2023,Ganjar Mahfud jauh lebih unggul !! https://t.co/L3IMqEIRcM,
Fri Dec 15 23:07:48 +0000 2023,@chambachtiar @Paltiwest Salah bli Gini tepatnya Anies + Muhaimin + yang terpikat vs Prabowo + Gibran + penjilat + oportunis vs Ganjar + Mahfud + gerbong reformis '98  ğŸ”¥ğŸ”¥ğŸ”¥,
Fri Dec 15 23:07:41 +0000 2023,@Melihat_Indo Saya berharap rakyat Indonesia bersatu untuk mendukung Indonesia lebih maju dan berkembang bersama Ganjar Mahfud,
Fri Dec 15 23:06:54 +0000 2023,"@Gus_Raharjo Semoga pak Ganjar Mahfud menjadi pemimpin selanjutnya,agar bisa membereskan semua masalah ini",
Fri Dec 15 23:06:50 +0000 2023,@ganjarpranowo Saya yakin pak ganjar dan pak mahfud bisa mengatasi masalah KKN,
Fri Dec 15 23:06:48 +0000 2023,Ganjar Mahfud lebih unggul !! https://t.co/wAzFPmyf1a,
Fri Dec 15 23:06:00 +0000 2023,Program Ganjar-Mahfud Wujudkan Kerja Mudah dan Harga Murah #LanjutGAN #LanjutGANsemuakerja #LanjutGANsemuamurah #GanjarSikatKorupsi #GanjarMahfud #GanjarPranowo #GerakCepat #MahfudMD #IndonesiaUnggul #IndonesiaLebihBaik  https://t.co/uVPLeVpoxn,
Fri Dec 15 23:05:21 +0000 2023,"@Dennysiregar7 Aduh jangan sampai deh orde baru terulang lagi, semangat dukung Ganjar Mahfud",
Fri Dec 15 23:02:50 +0000 2023,@ganjarpranowo Betul bnget kalau mau masuk kerja itu hrs bayar apalagi kalau usia udah tua tolong di tindak pak Ganjar Mahfud keren,
Fri Dec 15 23:01:20 +0000 2023,@Melihat_Indo Rakya bersama ganjar mahfud gaspol menuju kemenangan,
Fri Dec 15 23:00:28 +0000 2023,@Melihat_Indo Menuju Indonesia unggul bersama pam ganjar dan pak Mahfud,
Fri Dec 15 23:00:28 +0000 2023,@KataNadiaaa Dukung Ganjar Mahfud satu putaran untuk Indonesia,
Fri Dec 15 23:00:14 +0000 2023,@VIVAcoid Makanya kita harus pilih Ganjar Mahfud.. Kali ini wowo benar statemennya..,
Fri Dec 15 22:59:53 +0000 2023,"@detikcom semoga silaturahmi nya selalu terjaga dan semoga mendapatkan keberkahan, all in Ganjar Mahfud",
Fri Dec 15 22:59:14 +0000 2023,Program KTP sakti Ganjar Mahfud satu kartu terpadu untuk bantuan langsung yang lebih tepat sasaran https://t.co/dG3O4rwO7c,
Fri Dec 15 22:59:13 +0000 2023,"@Gus_Raharjo Dah besar harusnya harus tau aturan , Ganjar mahfud yes",
Fri Dec 15 22:58:52 +0000 2023,@Gus_Raharjo Semoga pak Ganjar Mahfud nanti mampu membereskan semua masalah ini,
Fri Dec 15 22:58:09 +0000 2023,"Kira kira kalau pemilihan pilpres dilaksanakan hari ini,,, Siapakah yang akan Anda pilih...???  Ketikkan angka di kolom jawaban...!!!  1.Anies-Imin... 2.Prabowo-Gibran... 3.Ganjar-Mahfud...",
Fri Dec 15 22:56:48 +0000 2023,@s4_mijo @ganjarpranowo Kompak terus pendukung Ganjar Mahfud ğŸ’ª,
Fri Dec 15 22:56:35 +0000 2023,Program Ganjar Mahfud agar semua bisa kerja #KerjaB3rsamaGanjar https://t.co/mtmhvw0xtq,
Fri Dec 15 22:56:18 +0000 2023,"@Gus_Raharjo Ini lah ya,kekurangannya dari pendukung Ganjar hobby sekali nguliti Paslon lain. Focus aja dengan Paslon usungan kita Ganjar Mahfud",
Fri Dec 15 22:54:45 +0000 2023,"@liputan6dotcom Ganjar Mahfud luar biasa, Ganjar Mahfud istim3wa ğŸ¤Ÿ",
Fri Dec 15 22:54:21 +0000 2023,@liputan6dotcom Mantap sukses dan sehat selalu buat pak Ganjar dan Mahfud ğŸ¤Ÿ semangat dalam memajukan Indonesia supaya lebih baik lagi,
Fri Dec 15 22:54:11 +0000 2023,Ganjar-Mahfud kasih solusi nyata untuk 17 juta lapangan pekerjaan baru #K3rjaB3rsamaGanjar https://t.co/X959LVw8mr,
Fri Dec 15 22:54:10 +0000 2023,"@triwul82 M3NANGKAN Ganjar Mahfud, ğŸ¤Ÿ",
Fri Dec 15 22:53:41 +0000 2023,@ganjarpranowo Tetap semangat dukung Ganjar Mahfud M3nang pilihan rakyat Indonesia,
Fri Dec 15 22:53:31 +0000 2023,@kumparan @a_astriana Sukses terus pak ganjar mahfud bismillah menang,
Fri Dec 15 22:52:49 +0000 2023,"@Gus_Raharjo @PDI_Perjuangan Politik itu bukan hanya digerakkan oleh alam pikir belaka tapi juga digerakkan dengan hati, dan hati Ini tertuju pada rekam jejak yang jelas Ganjar Pranowo dan Mahfud MD..",
Fri Dec 15 22:52:26 +0000 2023,"@Gus_Raharjo Janji tinggal janji, tapi gak juga terselesaikan. Semoga dikepemimpinan lak Ganjar Mahfud bisa segera usut tuntas perkara ini",
Fri Dec 15 22:52:08 +0000 2023,"@quintta1217 Selamat pagi, salam sehat &amp  penuh semangat Ganjar-Mahfud tetap dihati, selamat berakhir pekan",
Fri Dec 15 22:52:08 +0000 2023,TPN Ganjar Makin Optimistis setelah Pak Mahfud Kunjungi Ciamis #Ganjar-Mahfud https://t.co/UJsOzGTU1T,
Fri Dec 15 22:52:06 +0000 2023,@liputan6dotcom Mantap sukses dan sehat selalu buat pak Ganjar dan Mahfud ğŸ¤Ÿ semangat dalam memajukan Indonesia agar lebih baik lagi,
Fri Dec 15 22:51:54 +0000 2023,"@Melihat_Indo Benar ...rakyat sekarang sudah pintar dan cerdas untuk memilih mana pemimpin yang baik dan mana yang https://t.co/2hKZF4FwhZ , pilihanku Pak Ganjar Mahfud dong",
Fri Dec 15 22:50:24 +0000 2023,@SniperDroen_ @AdianNapitupul1 Semakin sehat bang Adian Napitupulu..yuk semangat menangkan Ganjar Mahfud. Salam metal Menang Total ğŸ¤ŸğŸ¤ŸğŸ¤ŸğŸ‡®ğŸ‡©,
Fri Dec 15 22:48:52 +0000 2023,Srimulat dukung Ganjar - Mahfud https://t.co/XccCT8cml6,
Fri Dec 15 22:46:25 +0000 2023,"Capres 2024 Ganjar Pranowo menemui kader dan relawan pendukung Ganjar-Mahfud di Banten. dalam koordinasinya Ganjar meminta kader dan relawan untuk memeluk rakyat dan berpesan untuk selalu berpihak dengan rakyat karena rakyat saat ini sudah cerdas dan paham.  Waktu kita tinggalâ€¦ https://t.co/z0FBQcCaFA""",
Fri Dec 15 22:45:05 +0000 2023,@seruanhl @Aryprasetyo85 @selfmirror_ @BiLLRaY2019 @007koteka @denni_sauya @03__nakula mantap ayo maju terus Ganjar Mahfud bersama rakyat #KerjaB3rsamaGanjar,
Fri Dec 15 22:44:18 +0000 2023,@seruanhl @Aryprasetyo85 @selfmirror_ @BiLLRaY2019 @007koteka @denni_sauya @03__nakula ayo maju terus Ganjar Mahfud menuju kemenangan #KerjaB3rsamaGanjar,
Fri Dec 15 22:44:02 +0000 2023,mendukung sekali gagasan Ganjar Mahfud ini #KerjaB3rsamaGanjar https://t.co/yIHnQPInyn,
Fri Dec 15 22:43:43 +0000 2023,@ganjarpranowo Semoga bersama pak Ganjar Mahfud Indonesia bebas dari korupsi kolasi dan nepotisme,
Fri Dec 15 22:43:31 +0000 2023,@seruanhl @Aryprasetyo85 @selfmirror_ @BiLLRaY2019 @007koteka @denni_sauya @03__nakula semangat selalu Ganjar Mahfud menang #KerjaB3rsamaGanjar,
Fri Dec 15 22:43:14 +0000 2023,"@ganjarpranowo Pak Ganjar adalah pemimpin yang merakyat dan sangat peduli dengan suara akar rumput, semoga Ganjar-Mahfud akan terpilih menjadi pemimpin bangsa ini, supaya negara ini maju dan sejahtera, praktek KKN bisa diberantas hingga akar-akarnya",
Fri Dec 15 22:42:46 +0000 2023,@seruanhl @Aryprasetyo85 @selfmirror_ @BiLLRaY2019 @007koteka @denni_sauya @03__nakula selalu bangga deh sama Ganjar Mahfud menjadi orang yang hebat #KerjaB3rsamaGanjar,
Fri Dec 15 22:42:36 +0000 2023,Ke Sukabumi beli kacang Dari Blitar ke gunung Kelud Walaupun bumi berguncang Tetap pilih Ganjar dan Mahfud . . . Salam Indonesia ceria dan waras! Selamat berakhir pekan https://t.co/gWQMZGSbzF,
Fri Dec 15 22:41:07 +0000 2023,"@ganjarpranowo Besar harapan kami pak, supaya Ganjar-Mahfud yang akan memimpin bangsa ini, karena kami yakin dan percaya Indonesia akan lebih dengan bebas praktek KKN dibawah kepemimpinan orang-orang tegas dan berani seperti Ganjar-Mahfud.",
Fri Dec 15 22:40:14 +0000 2023,@Melihat_Indo Bersama  Rakyat kita bersatu dukung pak Ganjar Mahfud M3nang,
Fri Dec 15 22:38:11 +0000 2023,"@ganjarpranowo Semoga Ganjar-Mahfud terpilih menjadi pemimpin Indonesia, karena hanya pasangan ini yang sangat tegas dan sat set dalam komitmennya memberantas praktek korupsi, kolusi dan nepotisme",
Fri Dec 15 22:37:32 +0000 2023,@seruanhl @Aryprasetyo85 @selfmirror_ @BiLLRaY2019 @007koteka @denni_sauya @03__nakula Ganjar Mahfud memang ga diragukan lagi ya,
Fri Dec 15 22:36:35 +0000 2023,@officialinews_ mantap banget nih Ganjar Mahfud selalu membanggakan,
Fri Dec 15 22:36:16 +0000 2023,@seruanhl @Aryprasetyo85 @selfmirror_ @BiLLRaY2019 @007koteka @denni_sauya @03__nakula Sukses selalu untuk Ganjar Mahfud,
Fri Dec 15 22:35:53 +0000 2023,"@antaranews Mantap sukses dan sehat selalu buat pak Ganjar dan Mahfud ğŸ¤Ÿ semangat dalam memajukan Indonesia dengan tidak menghamburkan anggaran dan menggunakan anggaran sesuai porsinya""",
Fri Dec 15 22:35:15 +0000 2023,@Melihat_Indo Ayo kita bersama-sama untuk mendukung fuuuull ganjar mahfud M3nang M3nang M3nang,
Fri Dec 15 22:33:44 +0000 2023,@SINDOnews Ganjar Mahfud maju tak gentar. Ak bakal dukung trosss no 3. Smng menang pak,
Fri Dec 15 22:33:42 +0000 2023,@officialinews_ Mantap maju terus Ganjar Mahfud orang yang cerdas,
Fri Dec 15 22:33:22 +0000 2023,@seruanhl @Aryprasetyo85 @selfmirror_ @BiLLRaY2019 @007koteka @denni_sauya @03__nakula Selalu bangga deh sama Ganjar Mahfud,
Fri Dec 15 22:32:39 +0000 2023,@seruanhl @Aryprasetyo85 @selfmirror_ @BiLLRaY2019 @007koteka @denni_sauya @03__nakula Semangat selalu Ganjar Mahfud menjadi orang yang terbaik,
Fri Dec 15 22:32:12 +0000 2023,Selamat pagi sahabat Ganjar-Mahfud.  Tetap semangat.,
Fri Dec 15 22:32:06 +0000 2023,@officialinews_ selalu bangga deh sama Ganjar Mahfud orang yang hebat,
Fri Dec 15 22:31:37 +0000 2023,@seruanhl @Aryprasetyo85 @selfmirror_ @BiLLRaY2019 @007koteka @denni_sauya @03__nakula mantap memang Ganjar Mahfud selalu menjadi orang yang cerdas,
Fri Dec 15 22:30:00 +0000 2023,"Rangkul Anak Muda Surabaya, TPN Ganjar-Mahfud Ajak Pilih Paslon yang Menjaga Demokrasi #LanjutGAN #LanjutGANsemuakerja #LanjutGANsemuamurah #GanjarSikatKorupsi #GanjarMahfud #GanjarPranowo #GerakCepat #MahfudMD #IndonesiaUnggul #IndonesiaLebihBaik  https://t.co/f2WZialZ85",
Fri Dec 15 22:29:05 +0000 2023,@kumparan Lancar segala urusannya pak Ganjar Mahfud,
Fri Dec 15 22:28:51 +0000 2023,@antaranews Kami butuh pemimpin yang berjalan di samping kamu bukan di depan kami semangat Terus Ganjar Mahfud,
Fri Dec 15 22:28:39 +0000 2023,"@officialinews_ benar pak tuntaskan kasus pelanggaran HAM masa lalu, kawal Ganjar-Mahfud ğŸ”¥",
Fri Dec 15 22:28:36 +0000 2023,"Survei roy morgan, ganjar tertinggi #ganjarpranowo #ganjarmahfud #ganjarpresiden2024 https://t.co/1qUq44HF3m",
Fri Dec 15 22:28:17 +0000 2023,@Gus_Raharjo Fokus kita berikan dukungan terbaik pada Ganjar Mahfud yang akan menyelesaikan banyak kasus ttg pelanggaran HAM di negeri ini.,
Fri Dec 15 22:27:59 +0000 2023,@antaranews gaspol dukung Ganjar Mahfud ğŸ¤Ÿ,
Fri Dec 15 22:27:54 +0000 2023,Segera Berembuk Bersama Relawan Ganjar-Mahfud https://t.co/Dprj5mikZR,
Fri Dec 15 22:27:30 +0000 2023,@antaranews all in Ganjar Mahfud ğŸ¤ŸğŸ¤Ÿ,
Fri Dec 15 22:27:26 +0000 2023,@antaranews Calon pemimpin yang rendah hati mau menerima kritikan dan masukan dari masyarakat keren pak Ganjar Mahfud ğŸ”¥â¤ï¸,
Fri Dec 15 22:27:01 +0000 2023,Ganjar Pranowo - Mahfud pasangan ideal memajukan indonesia https://t.co/elurKid1zp,
Fri Dec 15 22:26:53 +0000 2023,dukungan terus mengalir untuk Ganjar Pranowo - Mahfud https://t.co/Bw0QBAuoJ5,
Fri Dec 15 22:26:25 +0000 2023,"@GunRomli Alhamdulillah, ayo rapatkan barisan, utk ganjar mahfud, alhamdulillah pdip juga udah mau sebarisan dgn jokowi, tinggalkan para bazzer yg terus menerus nyerang keluarga jokowi, itu blunder yg menyebabkan elektabilitas ganjar anjlok, masih ada waktu 2 bulan lagi, https://t.co/2le8777ixN",
Fri Dec 15 22:26:11 +0000 2023,"@Dennysiregar7 Mencari pemimpin tidak semudah membalikkan telapak tangan. ..aku pasti pilih yg bisa mengayomi rakyat bukan makan gratis buat poya ,2. Pilihan ku tetap pa Ganjar Mahfud ğŸ¤Ÿ selalu di hati",
Fri Dec 15 22:24:30 +0000 2023,Luar biasa sekali gagasan pak Ganjar-Mahfud mengenai penyediaan lapangan kerja di Indonesia ini. Semangat terus pak ğŸ”¥ #KerjaBersamaGanjar https://t.co/HKWkp95AKz,
Fri Dec 15 22:24:08 +0000 2023,@evaristo_ella selalu yakin sama ganjar mahfud,
Fri Dec 15 22:23:26 +0000 2023,"3 Hasil Survei Elektabilitas Capres Cawapres 2024, Prabowo-Gibran Mutlak Kuasai Suara di Luar Jawa?   https://t.co/TY8nc5r0Nw lewat @tribunnews   #prabowo #gibran #ganjar #mahfud #anies #cakimin #pilpresgembiraprogibs",
Fri Dec 15 22:19:52 +0000 2023,"Mantap sukses dan sehat selalu buat pak Ganjar dan Mahfud ğŸ¤Ÿ semangat dalam memajukan Indonesia dengan gagasannya diantaranya penyedian lapangan pekerjaan yabg banyak #KerjaB3rsamaGanjar https://t.co/FtZvtoutxc""",
Fri Dec 15 22:16:09 +0000 2023,@FahmiAgustian @aniesbaswedan @cakimiNOW @prabowo @gibran_tweet @ganjarpranowo @mohmahfudmd @kenduricinta Yg berani hadir hanya Ganjar mahfud dan AMIN. Lainnya ada jadwal tidur jam 9,
Fri Dec 15 22:15:19 +0000 2023,"@SINDOnews Indonesia butuh sosok pemimpin dengan karakter membumi, berdedikasi tinggi, serta menjaga marwah Indonesia sebaik mungkin. Dan semua itu sudah terbentuk dalam diri pasangan Ganjar Mahfud.",
Fri Dec 15 22:14:16 +0000 2023,"@YRadianto Tambahan dian, kenapa pilih ganjar? Ada film baru, ada mahfud anti korupsi",
Fri Dec 15 22:13:59 +0000 2023,@SINDOnews Calon pemimpin yang rendah hati mau menerima kritikan dan masukan dari masyarakat keren pak Ganjar Mahfud ğŸ”¥â¤ï¸,
Fri Dec 15 22:13:43 +0000 2023,@Melihat_Indo Terima kasih banyak sudah menyelamatkan kami pada masa pandemi. Ga ragu lagi kami berikan dukungan untuk Pak Ganjar dan Pak Mahfud untuk memimpin negeri ini.,
Fri Dec 15 22:13:35 +0000 2023,@SINDOnews all in Ganjar Mahfud ğŸ¤ŸğŸ¤ŸğŸ”¥,
Fri Dec 15 22:13:31 +0000 2023,"@ganjarpranowo Ganjar Mahfud presiden andalan ku InsaAllah, Sulbar menyapa",
Fri Dec 15 22:12:14 +0000 2023,"@Maruahalsiahaa2 Biarkan saya bodoh lah, kalau emang bodoh syarat dukung Ganjar Mahfud, biar JD pintar.",
Fri Dec 15 22:11:59 +0000 2023,@Melihat_Indo Semoga Pak Ganjar terus Allah lindungi hatinya agar selalu tegak lurus dan amanah dalam mengemban tugas. Bismillah Ganjar Mahfud menang,
Fri Dec 15 22:09:55 +0000 2023,@RK_Lamongan Ganjar Mahfud untuk Indonesia ğŸ‡®ğŸ‡© https://t.co/gDvAUGZ6Xs,
Fri Dec 15 22:07:38 +0000 2023,"Masyarakat memang layak mendapatkan pekerjaan yang baik dan halal, pemerintah wajib memberikan peluang lapangan pekerjaan bagi masyarakat nya,benar""mantap gagasan bapak Ganjar Mahfud iniğŸ˜ #KerjaB3rsamaGanjar https://t.co/q05OLmPcIg""",
Fri Dec 15 22:07:29 +0000 2023,@Melihat_Indo Ayo beri dukungan terus Ganjar Mahfud untuk maju di pilpres 2024,
Fri Dec 15 22:05:16 +0000 2023,Ganjar Mahfud pilihan yang tepat untuk keberlangsungan demokrasi dan penegakan hukum. https://t.co/13gKBzFf9O,
Fri Dec 15 22:03:00 +0000 2023,"Yenny Wahid : Cari Pemimpin yang Mau Perangi Korupsi, Itu Pasangan Ganjar-Mahfud #LanjutGAN #LanjutGANsemuakerja #LanjutGANsemuamurah #GanjarSikatKorupsi #GanjarMahfud #GanjarPranowo #GerakCepat #MahfudMD #IndonesiaUnggul #IndonesiaLebihBaik  https://t.co/88f2DykS05",
Fri Dec 15 22:02:46 +0000 2023,"@RiuTheCommoners Lha, klo kita2 pendukung Ndoro Ganjar &amp  Pak Mahfud sih, mau siapapun yg melanggar hukum ya proses ajaâ€¦   Emang begitu shrsnya kokâ€¦  ğŸ˜ğŸ¤ŸğŸ¤ŸğŸ¤Ÿ",
Fri Dec 15 22:02:43 +0000 2023,@SINDOnews all in Ganjar Mahfud ğŸ¤Ÿ,
Fri Dec 15 22:02:39 +0000 2023,"@ganjarpranowo Assalamu'alaikum warahmatullahi wabarakaatuhuğŸ™. Semoga Pak Ganjar dan pak Mahfud, selalu Dalam Kebaikan dan keberkahan, Dalam Lindungan Allah SWT.... Aamiin Yaa Rabbal Alamiin ğŸ¤²ğŸ¤²ğŸ¤². Insya Allah.... GAMA Menang 1 putaran. Aamiin Yaa Rabbal Alamiin ğŸ¤²ğŸ¤²ğŸ¤²",
Fri Dec 15 22:02:39 +0000 2023,@JatimDkgGanjar Semoga mmg bapak Ganjar - Mahfud yg terpilih supaya tingkat pengangguran di Indonesia berkurang amiin,
Fri Dec 15 22:02:12 +0000 2023,Solid! Raja-Raja NTT Rapatkan Barisan Dukungan untuk Ganjar-Mahfud https://t.co/CuEu8Ott3d,
Fri Dec 15 22:02:11 +0000 2023,"Rakyat pilih rakyat?"" Yang mana? PS-Gibran jelaslah istana. AMIN, Nasdem - PKB juga bagian dari Istana. Ganjar - Mahfud? Palagi itu  Mahfud pembantu Istana, PDIP partai penguasa, ada Sandiaga di sana juga. Pilpres ini, pun  tak ada yang mundur dari jabatannya semua. Loe, mah â€¦""",
Fri Dec 15 21:58:52 +0000 2023,"Memilih Pemimpin itu mesti melihat, Pemikiran calon pemimpin yang akan dipilih, Perkataan calon pemimpin apakah berpihak pada Kaum miskin, dan perbuatan 2 calon pemimpin yang akan saya Pilih Ganjar-Mahfud, tidak pernah berbuat yang menyakiti Hati Rakyat, jujur, bersih dan amanah https://t.co/LD6FPyJVRx",
Fri Dec 15 21:56:10 +0000 2023,"@xquitavee cie...yang tiap hari nyari bahan buat serang Ganjar-Mahfud  ğŸ˜‚  Urus aja junjungan njenengan lek,.....biar belajar serius ngadepin debat kedua ntarğŸ˜  biar kagak malu-maluin investorğŸ˜‚ğŸ˜‚ğŸ˜‚",
Fri Dec 15 21:55:18 +0000 2023,"@Dennysiregar7 Dukung pemimpin yang benarÂ² peduli nasib rakyat dan kemajuan negeri, yakni alak Ganjar Mahfud",
Fri Dec 15 21:52:39 +0000 2023,"@officialinews_ kenapa cuman baliho pak ganjar-Mahfud yang dicopot jangan  Mereka takut ğŸ¤­ğŸ¤­""",
Fri Dec 15 21:52:35 +0000 2023,Ganjar Mahfud akan gratiskan semua https://t.co/yBmudWDtu0,
Fri Dec 15 21:47:07 +0000 2023,Ganjar-Mahfud layak jadi Presiden 2024 https://t.co/YpQ9ebJpLp,
Fri Dec 15 21:47:00 +0000 2023,Ganjar-Mahfud layak jadi Presiden 2024 https://t.co/NdJcHsyhYy,
Fri Dec 15 21:46:52 +0000 2023,Ganjar-Mahfud layak jadi Presiden 2024 https://t.co/JSXfrIZ239,
Fri Dec 15 21:46:51 +0000 2023,Ganjar-Mahfud layak jadi Presiden 2024 https://t.co/0TW7pdOLYZ,
Fri Dec 15 21:46:02 +0000 2023,"@ganjarpranowo Ayo berantas pak,, nnti diera Ganjar Mahfud jgn ada lgi yg seperti ini. Kita percaya 100% GaMa bisa!!!",
Fri Dec 15 21:45:14 +0000 2023,@liputan6dotcom Mantap ğŸ¤ŸğŸ» gasspollkeun Pak Ganjar-Mahfud ğŸ¤ŸğŸ» dukungan orang baik pasti akan menjadi baik juga,
Fri Dec 15 21:44:45 +0000 2023,"ANIS - AMIN, pilihan realistis, masuk akal.. PRABOWO - GIBRAN, pilihan KONYOL GANJAR - MAHFUD, pilihan org org GAGAL",
Fri Dec 15 21:44:06 +0000 2023,Langkah efektif dan efisien dengan  KTP SAKTI GANJAR-MAHFUD!!!!  Berbagai macam manfaat bisa Sahabat dapatkan melalui KTP SAKTI!!  Apa saja keuntungannya? Mendingan langsung kita simal video lengkapnya.  #SahabatGanjar  #GanjarMahfud2024  Gacoan Vicky https://t.co/ASnyZMdBj4,
Fri Dec 15 21:43:37 +0000 2023,Keren ini..... Ganjar-Mahfud gaspoll,
Fri Dec 15 21:41:28 +0000 2023,@kumparan Sehat selalu pak ganjar-Mahfud semogq lancar semuanya ğŸ¤²ğŸ¤²,
Fri Dec 15 21:40:22 +0000 2023,Satu keluarga miskin satu sarjana semua bisa kerja #GanjarMahfud https://t.co/lVRFRMnOE0,
Fri Dec 15 21:40:00 +0000 2023,"Momen Ganjar Pranowo Ziarah ke Makam Syekh Quro, Penyebar Agama Islam di Karawang #LanjutGAN #LanjutGANsemuakerja #LanjutGANsemuamurah #GanjarSikatKorupsi #GanjarMahfud #GanjarPranowo #GerakCepat #MahfudMD #IndonesiaUnggul #IndonesiaLebihBaik  https://t.co/vo4uGDJDL3",
Fri Dec 15 21:39:48 +0000 2023,Voting capres cawapres ganjar mahfud untuk indonesia https://t.co/9THpAvi6BG,
Fri Dec 15 21:38:59 +0000 2023,"@Zephyrus000278 @detikcom wadas proyek pusat harusnya jokowi yg bertanggung jawab , tp Ganjar hadapi itu - CLEAR   2009 hilangnya aktivis krn ulah Mahfud ? coba sini kasih gw bukti valid dia hilangkan aktivis itu ,jgn gw goblokin lu nih kalau ga bisa kasih bukti   buruan gw tunggu",
Fri Dec 15 21:36:27 +0000 2023,@ganjarpranowo Melihat jejak rekam kinerja Ganjar Mahfud sebelumnya sangat memungkinkan hal KKN ini bisa diatasi,
Fri Dec 15 21:33:41 +0000 2023,@okezonenews Orang baik pasti dukung orang baik. Ya tentu saja Pak Ganjar-Mahfud ğŸ¤ŸğŸ»ğŸ¤ŸğŸ»,
Fri Dec 15 21:29:13 +0000 2023,@ganjarpranowo Saat nya pak Ganjar Mahfud  Tuntaskan  kurupsi di kota BB UPI say Karawang kawasan industri,
Fri Dec 15 21:27:30 +0000 2023,"@rmol_id Pak Ganjar-Mahfud sangat dekat dengan masyarakat. Maka, tidak ada salahnya dukung penuh ke Pak Ganjar-Mahfud",
Fri Dec 15 21:24:58 +0000 2023,#KerjaB3rsamaGanjar   Pak ganjar-Mahfud memberikan gagasan yang luar biasa. Mereka akan membuka lapangan kerja di seluruh Indonesia https://t.co/tvQo9aPvlU,
Fri Dec 15 21:23:17 +0000 2023,"Mahfud hadiri Silaturahmi Ulama Salaf Banten, pengajian rutin Kamisan,   dan Peresmian Asrama Putri Pondok Pesantren Darul Ulum, Binuang, Banten.   #SahabatGanjar #GanjarPranowo #Ganjar #GenerasiGotongRoyong #GanjarPresiden #GanjarUntukSemua #GanjarMahfud2024 https://t.co/8G9uOEEApc",
Fri Dec 15 21:20:15 +0000 2023,@Gus_Raharjo Penyelesaian mslh pelanggaran HAM &amp  penegakan hukum.. Percayakan pada ahlinya. Ganjar - Mahfud pasti bs bekerja sebaik baiknya jk diberikan amanah untuk itu.,
Fri Dec 15 21:18:42 +0000 2023,@Melihat_Indo Pak Ganjar sosok yg merakyat dan terus bersama rakyat  Ganjar Mahfud Sabang sampai Merauke menaNg,
Fri Dec 15 21:16:56 +0000 2023,"Hasil survei Ganjar-Mahfud unggul sebesar 79,55% voting Capres-Cawapres #GanjarBawaKemajuan #GanjarMahfud2024  #GanjarMahfudPilihanRakyat https://t.co/JWwbWy4jsR",
Fri Dec 15 21:16:47 +0000 2023,"Hasil survei Ganjar-Mahfud unggul sebesar 79,55% voting Capres-Cawapres #GanjarBawaKemajuan #GanjarMahfud2024  #GanjarMahfudPilihanRakyat https://t.co/z0w34rrWyu",
Fri Dec 15 21:14:02 +0000 2023,KTP Sakti (Satu Kartu Terpadu Indonesia) Ganjar-Mahfud #GanjarBawaKemajuan #GanjarMahfud2024  #GanjarMahfudPilihanRakyat https://t.co/o4QN7QEOmx,
Fri Dec 15 21:13:51 +0000 2023,KTP Sakti (Satu Kartu Terpadu Indonesia) Ganjar-Mahfud #GanjarBawaKemajuan #GanjarMahfud2024  #GanjarMahfudPilihanRakyat https://t.co/nNN82fdHyk,
Fri Dec 15 21:10:02 +0000 2023,@Gi_N0ng Ngimpi apa lu... Up tagar gassspoll Ganjar Mahfud   *100k gopay/pulsa buat lu ğŸ˜‚,
Fri Dec 15 21:09:11 +0000 2023,Mari kita maju bersama pak ganjar pranowo dan pak mahfud md untuk Indonesia maju,
Fri Dec 15 21:08:55 +0000 2023,@03__nakula @PujieMinoR @Ganjar_Mahfud_3 @LinNasution @satriawirang18 @kangmirdja @LinaMichael93 kalo lo cerdas harusnya lo mikir knp harus divaksin berkali2 sedangkan orang yg tdk divaksin malah byk yg terlihat lbh sehat dan tdk sakit2 an,
Fri Dec 15 21:07:22 +0000 2023,"@officialinews_ Keren nih, Ganjar-Mahfud langsung turun rangkul anak muda",
Fri Dec 15 21:07:13 +0000 2023,@kumparan Dukung terus Ganjar-Mahfud,
Fri Dec 15 21:06:55 +0000 2023,@kompascom gak salah emang milih dukung Ganjar Mahfud,
Fri Dec 15 21:04:13 +0000 2023,PDIP Dukung Ganjar-Mahfud Sahkan RUU Perampasan Aset https://t.co/SM7lmT8TfL,
Fri Dec 15 21:03:53 +0000 2023,@SINDOnews Dukung terus Ganjar-Mahfud untuk Indonesia Majuu,
Fri Dec 15 21:03:38 +0000 2023,@SINDOnews Sangat mulia sekali pak ganjar dan pak mahfud,
Fri Dec 15 21:00:01 +0000 2023,Ganjar Pranowo â€˜Dideklarasikanâ€™ di Rengasdengklok #LanjutGAN #LanjutGANsemuakerja #LanjutGANsemuamurah #GanjarSikatKorupsi #GanjarMahfud #GanjarPranowo #GerakCepat #MahfudMD #IndonesiaUnggul #IndonesiaLebihBaik  https://t.co/MbdIhbTDRp,
Fri Dec 15 20:55:14 +0000 2023,"@ganjarpranowo 2024 gass pol pilih pak ganjar mahfud,",
Fri Dec 15 20:49:00 +0000 2023,Ganjar Pranowo Diskusi dengan Milenial dan Gen Z di Bekasi #LanjutGAN #LanjutGANsemuakerja #LanjutGANsemuamurah #GanjarSikatKorupsi #GanjarMahfud #GanjarPranowo #GerakCepat #MahfudMD #IndonesiaUnggul #IndonesiaLebihBaik  https://t.co/rikE7MeyfA,
Fri Dec 15 20:44:58 +0000 2023,@Melihat_Indo Salam 3 jari untuk pak Ganjar Mahfud dari rakyat untuk rakyat menuju Indonesia unggul.,
Fri Dec 15 20:44:07 +0000 2023,@HusinShihab bukannya di lembaga survey paling sering ganjar mahfud yang menang? secara ga langsung seakan meng-iya kan kalo tim ganjar mahfud membayar lembaga survey,
Fri Dec 15 20:37:56 +0000 2023,KTP SAKTI GANJAR-MAHFUD!!!! Berbagai macam manfaat bisa Sahabat dapatkan melalui KTP SAKTI!! Apa saja keuntungannya? Mendingan langsung kita simal video lengkapnya.  #SahabatGanjar #GanjarPranowo #Ganjar #GenerasiGotongRoyong #GanjarPresiden #GanjarUntukSemua #GanjarMahfud2024 https://t.co/9rlyhWKooz,
Fri Dec 15 20:37:16 +0000 2023,@Gus_Raharjo Insya Allah pak Ganjar Pranowo nanti akn bisa menyelesaikan nya .yukk dukung terus pak Ganjar Pranowo dan Mahfud MD ğŸ¤ŸğŸ¤ŸğŸ¤Ÿ,
Fri Dec 15 20:33:38 +0000 2023,@Gus_Raharjo @PDI_Perjuangan GaÃ±jar Mahfud ttp nomor satu dan terdepan,
Fri Dec 15 20:33:27 +0000 2023,@Melihat_Indo Kami yakin dan percaya bahwa Pak Ganjar Mahfud mampu memimpin Indonesia lebih baik lagi kedepannya,
Fri Dec 15 20:32:22 +0000 2023,@Gus_Raharjo @PDI_Perjuangan Ttp GaÃ±jar Mahfud yg lebih paham hal sprti ini,
Fri Dec 15 20:29:07 +0000 2023,Jubir TPN Jelaskan Program 17 Juta Lapangan Kerja Baru dan KTP Sakti Milik Ganjar-Mahfud  https://t.co/fzXNBaBV5D,
Fri Dec 15 20:28:05 +0000 2023,"Aye demen banget dengan iklan-iklan Ganjar-Mahfud yang sangat kreatif, lucu &amp  inovatif... Nah yang begini patut diapresiasi, apalagi visi misi Ganjar-Mahfud tuk Indonesia 2024-2029 sangat jelas &amp  logis! @Anak__Ogi @ch_chotimah2 @catatankaqihaty @doctor___fabre @kesittt @triwul82 https://t.co/SWi4Zb4A0x",
Fri Dec 15 20:27:26 +0000 2023,@_rakyatmerdeka pak ganjar pak mahfud menang satu putaran,
Fri Dec 15 20:24:37 +0000 2023,banteng solo ketaton gaspol ganjar mahfud  https://t.co/KT4OB5FrWK,
Fri Dec 15 20:23:40 +0000 2023,Insyaallah Haqul Yakin Ganjar Mahfud Menang ğŸ‡²ğŸ‡¨ğŸ‡²ğŸ‡¨ğŸ‡²ğŸ‡¨,
Fri Dec 15 20:23:36 +0000 2023,@_rakyatmerdeka dukung terus pak ganjar pak mahfud sampe menang,
Fri Dec 15 20:19:53 +0000 2023,"@ganjarpranowo Basmi para koruptor sampai akar akarnya bersma pak ganjar Mahfud,, keramahan pak ganjar luar biasa sekali...",
Fri Dec 15 20:19:46 +0000 2023,"@Melihat_Indo Indonesia butuh pemimpin seperti Pak Ganjar Mahfud, Sat Set Tas tes  mementingkan negara, biarlah si kacang lupa kulitnya kita singkirkan saja",
Fri Dec 15 20:19:23 +0000 2023,@Gus_Raharjo @PDI_Perjuangan Bener ternyata waktu yang akan membuka semuanya. Deuhhhhh mau dukung jadi males kita balik badan ke p Ganjar Mahfud ae lah,
Fri Dec 15 20:18:34 +0000 2023,@Melihat_Indo Lanjutkan kepemimpinan ini alih dengan sistem gerak cepat di tangan Pak Ganjar karena hanya Pak GANJAR MAHFUD solusi negara ini menuju kemerdekaan,
Fri Dec 15 20:16:43 +0000 2023,"@ganjarpranowo Wkwk sehat terus ya ibuu, terimakasih telah selalu mendukung Pak Ganjar Mahfud",
Fri Dec 15 20:15:40 +0000 2023,KTP Sakti (Satu Kartu Terpadu Indonesia) Ganjar-Mahfud #GanjarBawaKemajuan #GanjarMahfud2024  #GanjarMahfudPilihanRakyat https://t.co/ZUtj7av8vI,
Fri Dec 15 20:15:30 +0000 2023,"@Gus_Raharjo Bismillah pak Ganjar Mahfud menang satu putaran, semangat terus Pak Ganjar",
Fri Dec 15 20:15:08 +0000 2023,KTP Sakti (Satu Kartu Terpadu Indonesia) Ganjar-Mahfud #GanjarBawaKemajuan #GanjarMahfud2024  #GanjarMahfudPilihanRakyat https://t.co/E9leprQsTN,
Fri Dec 15 20:11:54 +0000 2023,Ganjar Mahfud 2024 #GanjarUntukSemua #ganjarpranowo https://t.co/we1tPjBntI,
Fri Dec 15 20:11:29 +0000 2023,Ganjar Mahfud 2024 #GanjarUntukSemua #ganjarpranowo https://t.co/IZ1fr561zt,
Fri Dec 15 20:11:21 +0000 2023,Ganjar Mahfud 2024 #GanjarUntukSemua #ganjarpranowo https://t.co/PoO10ZdBBq,
Fri Dec 15 20:11:11 +0000 2023,Ganjar Mahfud 2024 #GanjarUntukSemua #ganjarpranowo https://t.co/XdErs5PGmN,
Fri Dec 15 20:11:04 +0000 2023,Ganjar Mahfud 2024 #GanjarUntukSemua #ganjarpranowo https://t.co/EVsm3A5LOK,
Fri Dec 15 20:11:01 +0000 2023,@_rakyatmerdeka tambah mantap aja pilih pak ganjar mahfud,
Fri Dec 15 20:10:56 +0000 2023,Ganjar Mahfud 2024 #GanjarUntukSemua #ganjarpranowo https://t.co/yxOcN9tx32,
Fri Dec 15 20:10:45 +0000 2023,Ada ganjar mahfud yang sat set solusi lapangan pekerjaan  #KerjaB3rsamaGanjar https://t.co/l92cDgnMMv,
Fri Dec 15 20:10:00 +0000 2023,"Mahfud Disebut Lawan Terberat Cak Imin Saat Debat Cawapres, Ini Kata Ganjar #LanjutGAN #LanjutGANsemuakerja #LanjutGANsemuamurah #GanjarSikatKorupsi #GanjarMahfud #GanjarPranowo #GerakCepat #MahfudMD #IndonesiaUnggul #IndonesiaLebihBaik  https://t.co/RK3Khk8ZJD",
Fri Dec 15 20:09:20 +0000 2023,"@Dennysiregar7 Tetep pilih Pak Ganjar-Mahfud, the best",
Fri Dec 15 20:09:11 +0000 2023,"Hasil survei Ganjar-Mahfud unggul sebesar 79,55% voting Capres-Cawapres #GanjarBawaKemajuan #GanjarMahfud2024  #GanjarMahfudPilihanRakyat https://t.co/JIX3U5VJt7",
Fri Dec 15 20:09:00 +0000 2023,"Hasil survei Ganjar-Mahfud unggul sebesar 79,55% voting Capres-Cawapres #GanjarBawaKemajuan #GanjarMahfud2024  #GanjarMahfudPilihanRakyat https://t.co/Po2KTs3eMQ",
Fri Dec 15 20:08:01 +0000 2023,Survei membuktikan Prabowo aja milih nomer 3  the best Ganjar Mahfud  Tegal Gacoan #MyDemonEp7 #darihati #LiaChat Tidur RSHS Anime &amp  Manga Kucing Marshanda Fore Gacoan Milk Tea Fajri RSHS Geek Uncrush Ginting Netflix Music https://t.co/n75Jy3ywTr,
Fri Dec 15 20:08:01 +0000 2023,Bersama Ganjar Mahfud Semua terjamin melalui hanya satu kartu. the best  Tegal Gacoan #MyDemonEp7 #darihati #LiaChat Tidur RSHS Anime &amp  Manga Kucing Marshanda Fore Gacoan Milk Tea Fajri RSHS Geek Uncrush Ginting Netflix Music https://t.co/rDpElr453Z,
Fri Dec 15 20:07:59 +0000 2023,Ganjar Mahfud merupakan pilihan rakyat terbukti dari poling hingga kini Ganjar Mahfud unggul dari paslon lain   Tegal Gacoan #MyDemonEp7 #darihati #LiaChat Tidur RSHS Anime &amp  Manga Kucing Marshanda Fore Gacoan Milk Tea Fajri RSHS Geek Uncrush Ginting Netflix Music https://t.co/2Ia7dd552N,
Fri Dec 15 20:07:59 +0000 2023,Elektabilitas Ganjar Mahfud melebihi paslon lain   Tegal Gacoan #MyDemonEp7 #darihati #LiaChat Tidur RSHS Anime &amp  Manga Kucing Marshanda Fore Gacoan Milk Tea Fajri RSHS Geek Uncrush Ginting Netflix Music https://t.co/YXoZF5js6w,
Fri Dec 15 20:04:57 +0000 2023,@Gus_Raharjo Support trs Pak Ganjar semoga masalah HAM ini bisa terselesaikan dan Pak Ganjar Pranowo dan Mahfud MD akan menorehkan sejarah Pemimpin Indonesia sesungguhnya,
Fri Dec 15 20:02:01 +0000 2023,@Ghurem2 Ganjar Mahfud ğŸ¤ŸğŸ¤ŸğŸ¤ŸğŸ‘ https://t.co/M4TJdPW6Dz,
Fri Dec 15 20:00:56 +0000 2023,@aniesbaswedan Jgn percaya org yg pintar ngomong doang tetapi implimentasi nya tidak seperti apa yg di ucapkan https://t.co/0HjN0rfVpq ini hanya pintar ngomong diang tetapi tidak bisa bekerja dgn baik bukti nya ketika jadi gabenor di jkt saja semua nya gagal.Pilihlah pk ganjar dan pk mahfud.,
Fri Dec 15 19:56:44 +0000 2023,@Gus_Raharjo Tetap fokus untuk tetap terus mendukung Pak Ganjar Mahfud,
Fri Dec 15 19:55:25 +0000 2023,@Gus_Raharjo Emang yg terbaik untuk masa depan bangsa ya cuma Ganjar Mahfud ğŸ¤ŸğŸ»ğŸ¤ŸğŸ»,
Fri Dec 15 19:54:29 +0000 2023,Tsamara Amany setelah menjadi Staf Khusus Menteri BUMN @erickthohir  - Apakah masih konsisten mendukung Ganjar-Mahfud  - Perlu di-pertanyaan ? Biasanya orang yg SUDAH DUDUK LUPA BERDIRI.ğŸ™‚ğŸ˜ https://t.co/Gjbk3dT1Ux,
Fri Dec 15 19:54:22 +0000 2023,@Gus_Raharjo Jadi semakin yakin untuk tetap terus mendukung Pak Ganjar Mahfud,
Fri Dec 15 19:53:09 +0000 2023,@Gus_Raharjo @PDI_Perjuangan Ganjar Mahfud adalah sosok yang terbaik untuk pemimpin masa depan bangsa ini,
Fri Dec 15 19:52:20 +0000 2023,"@Melihat_Indo Ganjar Mahfud beliau berdua memenuhi kriteria pelayan rakyat terbaik. Yang cinta, tulus, ikhlas tanpa embel-embel apapun untuk membuat rakyat bahagia.",
Fri Dec 15 19:52:06 +0000 2023,SUKET TEKI _ ( cover ) by RUDYATMO.... GANJAR-MAHFUD PRESIDEN RI 2024-2029  https://t.co/YwbREtmweA,
Fri Dec 15 19:52:00 +0000 2023,"Ganjar Pranowo: Bansos untuk Rakyat Sudah Dianggarkan, Bukan Punya Presiden #LanjutGAN #LanjutGANsemuakerja #LanjutGANsemuamurah #GanjarSikatKorupsi #GanjarMahfud #GanjarPranowo #GerakCepat #MahfudMD #IndonesiaUnggul #IndonesiaLebihBaik  https://t.co/9sLAO5BCmZ",
Fri Dec 15 19:51:31 +0000 2023,@Gus_Raharjo @PDI_Perjuangan Emang pilihan yg tepat untuk memimpin negeri ini ya pak Ganjar Mahfud,
Fri Dec 15 19:50:24 +0000 2023,@antaranews Indonesia maju bersama pak Ganjar Mahfud,
Fri Dec 15 19:50:21 +0000 2023,Ora ngapusi ora korupsi yaaa nomor 3 Ganjar Mahfud  #GerakCepat #GanjarMahfud https://t.co/Pfz1DBgNbJ,
Fri Dec 15 19:50:12 +0000 2023,@Gus_Raharjo @PDI_Perjuangan Emang yg paling bener cuma pak Ganjar Mahfud sih kata aku mah,
Fri Dec 15 19:43:36 +0000 2023,@Melihat_Indo Udah paling bener deh pilih ganjar mahfud aja,
Fri Dec 15 19:42:58 +0000 2023,"@ganjarpranowo Jangan ragu tuk pilih Pak Ganjar Mahfud , elektabilitas tinggi, berdedikasi untuk negeri,salam 3 Jari 3 Janji Bismillah kemenangan menanti",
Fri Dec 15 19:41:02 +0000 2023,@ganjarpranowo Semoga Harapan Rakyat terwujud bersama Pak Ganjar Pranowo dan Mahfud MD Sudah waktunya Indonesia terbebas dari kemiskinan,
Fri Dec 15 19:39:48 +0000 2023,@Melihat_Indo Ganjar Mahfud selalu di hati rakyat  Pemimpin yg mementingkan rakyat  Gaspol,
Fri Dec 15 19:37:54 +0000 2023,Para kader PDI Perjuangan dan partai pendukung Ganjar-Mahfud memiliki mental baja untuk mendukungnya. https://t.co/feNsU8CHNF,
Fri Dec 15 19:37:44 +0000 2023,Ganjar Pranowo mengaku kagum dengan kinerja TPD Ganjar-Mahfud di Provinsi Banten. https://t.co/tgJ5NfR0j2,
Fri Dec 15 19:36:05 +0000 2023,@ganjarpranowo Sudah waktunya GANJAR MAHFUD menjadi pemimpin bangsa Indonesia lewat program nyata dan hasil kerja kerasnya,
Fri Dec 15 19:35:08 +0000 2023,@ganjarpranowo Ayok Dukung GANJAR MAHFUD Solusi mengatasi semua masalah dalam kehidupan bernegara menuju Indonesia sejahtera,
Fri Dec 15 19:28:35 +0000 2023,@ganjarpranowo Brantas korupsi ...gaspol Ganjar Mahfud  jangan biarkan rakyat  terus tertindas,
Fri Dec 15 19:27:21 +0000 2023,Ganjar-Mahfud Dapat Suara Terbanyak dalam Poling Terkait Pasangan Cocok Untuk Memimpin Indonesia  https://t.co/RKKS4nNkv5,
Fri Dec 15 19:25:53 +0000 2023,"Puluhan Ribu Warga Hadiri Pesta Rakyat Dukung Ganjar-Mahfud di Karawang, Jawa Barat  https://t.co/VrjMFl39RR",
Fri Dec 15 19:21:39 +0000 2023,Ganjar Mahfud berencana ciptakan lapangan pekerjaan bagi masyarakat ğŸ‘   #KerjaB3rsamaGanjar https://t.co/pGHQajIPJD,
Fri Dec 15 19:18:39 +0000 2023,Ganjar Pranowo berjanji bersama Mahfud MD akan memperbaiki data dengan lebih cepat. #BingkaiUlangIndonesiamu #GanjarPresiden #PDIPerjuangan https://t.co/JjVHOHHRDJ,
Fri Dec 15 19:16:45 +0000 2023,"Dalam perjalanan menuju cita-cita bersama, Pasangan Ganjar dan Mahfud MD menerima dukungan luar biasa dari sahabat-sahabat dekat dan rakyat Indonesia. Mari bersama wujudkan masa depan yang lebih cerah! #GanjarMahfud2024 https://t.co/Y1V6wGxc1E",
Fri Dec 15 19:16:37 +0000 2023,"Dengan semangat kebersamaan, kita saksikan momentum solidaritas masyarakat untuk Pasangan Ganjar dan Mahfud MD. Yuk, bangun bersama Indonesia yang lebih maju dan adil! #SatuVisiSatuMisi https://t.co/qqe2zzRyRG",
Fri Dec 15 19:16:28 +0000 2023,"Dukungan merata dari pelosok negeri menandai perjalanan politik Pasangan Ganjar dan Mahfud MD. Bersama, mari jadikan Indonesia lebih kuat dan berdaya! #BersatuUntukNegeri https://t.co/0bqOKVdKc4",
Fri Dec 15 19:16:23 +0000 2023,"Suasana optimis menyelimuti perjalanan Pasangan Ganjar dan Mahfud MD. Setiap dukungan adalah tonggak penting menuju Indonesia yang lebih baik. Ayo, jadikan suara kita sebagai kekuatan! #GanjarMahfudBangsaBersatu https://t.co/N7nEy9MR2u",
Fri Dec 15 19:16:17 +0000 2023,"Dalam keberagaman, kita bersatu! Pasangan Ganjar dan Mahfud MD merangkul dukungan dari berbagai kalangan. Bersama, kita susun masa depan Indonesia dengan warna kebhinekaan yang indah. #GanjarMahfudTerusBergerak https://t.co/QfGtFwPz8Q",
Fri Dec 15 19:14:02 +0000 2023,"Tetap Optimis Ganjar-Mahfud Bisa Menang 1 Putaran di Lampung, Berikut Gerakan Ganjarist Lampung  https://t.co/hiXB6ogLgB",
Fri Dec 15 19:12:34 +0000 2023,@Generasi_MudaNU Tetep GAMA ganjar mahfud ğŸ¤ŸğŸ¤ŸğŸ¤Ÿsat set,
Fri Dec 15 19:12:11 +0000 2023,Gak hanya Roy Morgan loh.. sebelumnya Ganjar Pranowo-Mahfud Md jg unggul kn kata nya disini.. Emg the best #GanjarMahfud2024   [[ Tidur Presiden Virtual Tegal Gacoan Kapolres Aloy Fajri #JumatBerkah Roy Morgan Geek ]]  #GanjarMahfudSatset #PrabowoGemoy #AMIN2024 https://t.co/B7sTZn3Ot9,
Fri Dec 15 19:11:56 +0000 2023,"Ganjar Mahfud, yakin wujudkan visi Indonesia unggul sambut bonus demografi",
Fri Dec 15 19:11:06 +0000 2023,Bersama Ganjar Mahfud Indonesia Maju,
Fri Dec 15 19:10:32 +0000 2023,Ganjar Mahfud Untuk Indonesia 2024,
Fri Dec 15 19:09:23 +0000 2023,@SINDOnews Semangatt pakkğŸ‘selalu dukung pak ganjar mahfudğŸ™Œ,
Fri Dec 15 19:09:20 +0000 2023,Support gagasan pak ganjar mahfud #KerjaB3rsamaGanjar https://t.co/sIwNqMwhJu,
Fri Dec 15 19:08:37 +0000 2023,"@Melihat_Indo Berjuang bersama rakyat, kebutuhan rakyat terpenuhi semua..Ganjar Mahfud pancen oye",
Fri Dec 15 19:08:00 +0000 2023,Sikap Ganjar Pranowo Bakal Evaluasi Omnibus Law Patut Diapresiasi #LanjutGAN #LanjutGANsemuakerja #LanjutGANsemuamurah #GanjarSikatKorupsi #GanjarMahfud #GanjarPranowo #GerakCepat #MahfudMD #IndonesiaUnggul #IndonesiaLebihBaik  https://t.co/bn9uxvvLtt,
Fri Dec 15 19:07:58 +0000 2023,@okezonenews Ayo rapatkan barisan menangkan Ganjar Mahfud coblos no 3,
Fri Dec 15 19:06:47 +0000 2023,@kumparan All in dukung pak ganjar mahfudğŸ™ŒğŸ”¥,
Fri Dec 15 19:06:24 +0000 2023,Roy Morgan neh bos.. bukan kaleng-kaleng. Skrg kalian paham. Ganjar Pranowo-Mahfud Md emg the best :) #GanjarMahfudSatset   [[ Tidur Presiden Virtual Tegal Gacoan Kapolres Aloy Fajri #JumatBerkah #KitaTantrum Geek ]]  #GanjarMahfud2024 #PrabowoGemoy #AMIN2024 https://t.co/7HrSTq3j44,
Fri Dec 15 19:04:38 +0000 2023,@ganjarpranowo Dukung Ganjar Mahfud untuk membantu rakyat atasi korupsi yang mengsengsarakan rakyat,
Fri Dec 15 19:03:33 +0000 2023,@SINDOnews mantap ganjar-mahfud,
Fri Dec 15 19:01:55 +0000 2023,ganjar mahfud satset buka lowongan pekerjaan #KerjaB3rsamaGanjar https://t.co/nBTarGSg7W,
Fri Dec 15 19:01:00 +0000 2023,"@sigitwid Yang ingin Indonesia maju,,yg anti korupsi,anti kolusi,anti nepotisme,anti politik dinasti,anti dgn org yg spt kacang lupa kulitnya,anti orde baru,anti dgn pelanggar HAM berat dan anti dgn Pengkhianat Songong...Pasti akan memilih Ganjar Mahfud.",
Fri Dec 15 18:58:00 +0000 2023,@okezonenews Aro rapatkan barisan menangkan Ganjar Mahfud coblos no 3,
Fri Dec 15 18:57:27 +0000 2023,Luar biasa pasangan Ganjar - Mahfud akan mengeluarkan KTP sakti https://t.co/yV6ZwBT4iX,
Fri Dec 15 18:55:47 +0000 2023,@RstmBcl Tarolah semua lembaga survey tak ada yg unggul ganjar mahfud optimis menang.,
Fri Dec 15 18:54:37 +0000 2023,Pasangan Ganjar - Mahfud masih yang terbaik https://t.co/UQNG0XYGsw,
Fri Dec 15 18:54:34 +0000 2023,Gagasan ganjar -mahfud keren sekali #KerjaB3rsamaGanjar https://t.co/UatDuRTbmi,
Fri Dec 15 18:52:11 +0000 2023,Mantap pak Ganjar Mahfud bagus banget untuk menurunkan angka pengangguran di Indonesia  #KerjaB3rsamaGanjar https://t.co/aGV6UN8hOH,
Fri Dec 15 18:51:20 +0000 2023,@Gus_Raharjo Saya yakin nya dengan Ganjar Mahfud nih bisa selesaikan mengenai ini,
Fri Dec 15 18:51:01 +0000 2023,"Ganjar Mahfud ungguli paslon lain dalam beberapa survey, menunjukan kualitasnya sebaagai pemimpin https://t.co/T2UCGhjMJ6",
Fri Dec 15 18:51:00 +0000 2023,"Ganjar Mahfud ungguli paslon lain dalam beberapa survey, menunjukan kualitasnya sebaagai pemimpin https://t.co/V2D2JQ93OH",
Fri Dec 15 18:50:59 +0000 2023,"Ganjar Mahfud ungguli paslon lain dalam beberapa survey, menunjukan kualitasnya sebaagai pemimpin https://t.co/O5XhqEWHcb",
Fri Dec 15 18:49:11 +0000 2023,"@Ganjar3Mahfud Mantap, yakin dah kalo gini Ganjar Mahfud menang Pilpres 2024.",
Fri Dec 15 18:48:53 +0000 2023,"@Melihat_Indo Pak Ganjar dan Pak mahfud pasangan yg sosok jujur, bersih, Setia dan selalu bercengkrama dengan rakyatnya",
Fri Dec 15 18:46:24 +0000 2023,Ganjar Mahfud Memiliki Program dan Ide Unggul Untuk Kemajuan Indonesia  #GanjarMahfud2024 #GanjarPranowo #GanjarCapres #GanjarPresiden #GanjarMenangTotal #GanjarPilihanRakyat #Presiden2024 #GanjarPresiden2024 #Pilpres2024 #Pemilu2024 #LapakGanjar https://t.co/3J6Uz1mShX,
Fri Dec 15 18:46:11 +0000 2023,"@putri_Aalona PDIP jauh lebih dulu eksis sebelum @jokowi bergabung dan di 2024 akan tetap menjadi Partai pemenang lagi. Ganjar Mahfud juga akan mayoritas dipilih Rakyat krn Rakyat tdk mau punya Presiden yang terlibat pelanggaran HAM berat,dan tdk suka dgn Cawapres yg pengkhianat/munafik https://t.co/VcfH4l2G1D",
Fri Dec 15 18:44:12 +0000 2023,Elektabilitas Ganjar Mahfud Terus Unggul Untuk Jadi Presiden 2024 #GanjarMahfud2024 #GanjarPranowo #GanjarCapres #GanjarPresiden #GanjarMenangTotal #GanjarPilihanRakyat #Presiden2024 #GanjarPresiden2024 #Pilpres2024 #Pemilu2024 #LapakGanjar https://t.co/Uwc3dOwoBj,
Fri Dec 15 18:43:22 +0000 2023,@_riverheaven MENANGKAN GANJAR MAHFUD sebuah KEBANGGAAN ğŸ‡®ğŸ‡©ğŸ‡®ğŸ‡©ğŸ‡®ğŸ‡©,
Fri Dec 15 18:41:00 +0000 2023,PDIP Sebut Ganjar Berhasil Buktikan Mampu Jadi Pemimpin Indonesia yang Tak Emosional #LanjutGAN #LanjutGANsemuakerja #LanjutGANsemuamurah #GanjarSikatKorupsi #GanjarMahfud #GanjarPranowo #GerakCepat #MahfudMD #IndonesiaUnggul #IndonesiaLebihBaik  https://t.co/vr8qyg23df,
Fri Dec 15 18:40:59 +0000 2023,"@liputan6dotcom pasti akan ganjar mahfud pada waktunya, yakin",
Fri Dec 15 18:40:35 +0000 2023,@Miduk17 seneng bgt adanya ganjar mahfud masa depan Indonesia cemerlang dg terciptanya lapangan pekerjaan yg merata  #KerjaB3rsamaGanjar,
Fri Dec 15 18:31:24 +0000 2023,@liputan6dotcom Kami buruh kami dukung ganjar mahfud,
Fri Dec 15 18:31:10 +0000 2023,Kaesang Pangarep komentari penampilan capres saat debat perdana: Ganjar masih bingung dari positioning-nya seperti apa. Prabowo ingin melanjutkan. Kalau ingin perubahan nomor 1 Anies. https://t.co/NhcLg8EuM1. @Ganjar_Mahfud_3 @mas_alku @pangjaya0855260 @ferrybckup21 @bengkeldodo,
Fri Dec 15 18:30:41 +0000 2023,Ganjar Pranowo - Mahfud MD selalu di hati â¤ï¸ #KerjaB3rsamaGanjar #NKRIMajuBersamaGanjar #GanjarMahfud2024,
Fri Dec 15 18:30:25 +0000 2023,"...untuk Ganjar-Mahfud Pada Pilpres 2024 Ganjarbersih kuatkanKPK #GanjarPranowo https://t.co/MDAk0wlatX""",
Fri Dec 15 18:30:07 +0000 2023,"Roy Morgan Poll, Ganjar Pranowo dan Mahfud MD tertinggi! https://t.co/dbdNAQDAbT",
Fri Dec 15 18:30:03 +0000 2023,Voting dari TvOne! Ganjar Mahfud menang telak! https://t.co/dorASrMoY3,
Fri Dec 15 18:29:37 +0000 2023,@FayaAtika Apapun kata orang   JOKOWI PRESIDEN TERBAIK YANG PERNAH ADA   SAATNYA GANJAR-MAHFUD SEBAGAI PENERUSNYA,
Fri Dec 15 18:27:27 +0000 2023,Ganjar Mahfud Sat Set Buka Lapangan Pekerjaan #KerjaB3rsamaGanjar https://t.co/mkPf9DRiRc,
Fri Dec 15 18:27:22 +0000 2023,@Miduk17 dengan ganjar mahfud masa depan generasi muda lebih baik  #KerjaB3rsamaGanjar,
Fri Dec 15 18:26:54 +0000 2023,Ganjar Mahfud Sat Set Buka Lapangan Pekerjaan #KerjaB3rsamaGanjar https://t.co/vZNXmg85NF,
Fri Dec 15 18:26:00 +0000 2023,@officialinews_ Bersama GanjarMahfud Indonesia lebih maju ğŸ¤Ÿ,
Fri Dec 15 18:18:34 +0000 2023,"...untuk Ganjar-Mahfud Pada Pilpres 2024 Ganjarbersih kuatkanKPK #GanjarPranowo https://t.co/6Ul0cXjH9p""",
Fri Dec 15 18:12:41 +0000 2023,@ganjarpranowo Semoga pak Ganjar dan pak Mahfud menang satu putaran,
Fri Dec 15 18:12:25 +0000 2023,"Voting capres cawapres untuk Indonesia, Ganjar - Mahfud mengungguli kanidat - kanidat lainnya #GanjarCapres2024 #MahfudCawapres2024 https://t.co/Pebz9oLKp9",
Fri Dec 15 18:12:18 +0000 2023,"Voting capres cawapres untuk Indonesia, Ganjar - Mahfud mengungguli kanidat - kanidat lainnya #GanjarCapres2024 #MahfudCawapres2024 https://t.co/RlHKxvYjwJ",
Fri Dec 15 18:11:23 +0000 2023,"@detikcom Supaya lengkap, Kalau ingin PEMIMPIN dengan kualitas KONSTITUSIONAL ya nomor 3"" ğŸ¤Ÿ. Begini baru paten ğŸ¤ŸğŸ˜ #GanjarPresiden #GAMA #GanjarMahfud #ganjarpranowo""",
Fri Dec 15 18:10:37 +0000 2023,"KTP sakti Program Ganjar-mahfud banyak manfaatnya, mantap https://t.co/fvfRhscfII",
Fri Dec 15 18:09:59 +0000 2023,"The latest roy organ poll on 2024 Indonesian presiden voting, Ganjar-mahfud unggul pilihan rakyat Indonesia ğŸ¥° https://t.co/3D2yR57wyc",
Fri Dec 15 18:05:47 +0000 2023,"Atas dasar hal tsb, Ganjar pranowo-Mahfud MD bergerak cepat di dalam mewujudkan Indonesia unggul, Indonesia yg lbh baik dg cara mempercepat terwujudnya kemakmuran dan keadilan rakyat https://t.co/PLD1zv25wI",
Fri Dec 15 18:05:28 +0000 2023,@Melihat_Indo cukup ganjar mahfud yang akan terpilih dan selalu ku dukung  kejujurannya untuk rakyat sangat ikhlas,
Fri Dec 15 18:05:00 +0000 2023,"Diskusi dengan Milenial dan Gen Z di Bekasi, Ganjar Serap Aspirasi Pemuda #LanjutGAN #LanjutGANsemuakerja #LanjutGANsemuamurah #GanjarSikatKorupsi #GanjarMahfud #GanjarPranowo #GerakCepat #MahfudMD #IndonesiaUnggul #IndonesiaLebihBaik  https://t.co/dHIU0WSpoC",
Fri Dec 15 18:04:01 +0000 2023,"...untuk Ganjar-Mahfud Pada Pilpres 2024 Ganjarbersih kuatkanKPK #GanjarPranowo https://t.co/DeZ0ZUUl4m""",
Fri Dec 15 17:58:57 +0000 2023,@Melihat_Indo semoga doa kita terkabul dengan segala harapan ganjar mahfud untuk rakyat indonesia aman,
Fri Dec 15 17:58:39 +0000 2023,Garis Papua Barat Optimistis Ganjar-Mahfud Menang Satu Putaran https://t.co/DeO4SqEBhA,
Fri Dec 15 17:58:34 +0000 2023,TPD Ganjar-Mahfud MD Targetkan Raih 60 Persen Suara di Banten https://t.co/jKPdmullov,
Fri Dec 15 17:58:33 +0000 2023,TPN Ganjar-Mahfud Pastikan KTP Sakti Penyempurnaan Dari IKD https://t.co/Zavi4cAgFt,
Fri Dec 15 17:57:26 +0000 2023,pak ganjar mahfud selalu bisa menghadirkan gagasan yang luar biasağŸ‘ğŸ» #KerjaB3rsamaGanjar https://t.co/wTxIqWyNrW,
Fri Dec 15 17:57:10 +0000 2023,"@SINDOnews Akses pekerjaan, kesehatan, pendidikan, dan pelayanan sosial yang lebih adil akan terus dipastikan bagi kelompok disabilitas. program di Ganjar-Mahfud membantu kelompok rentan agar tidak dirugikan",
Fri Dec 15 17:55:40 +0000 2023,@_riverheaven Kita semua Ganjar Mahfud ğŸ¤ŸğŸ¤ŸğŸ¤Ÿ https://t.co/WIVzxI3x79,
Fri Dec 15 17:55:31 +0000 2023,@Melihat_Indo Pak ganjar dan pak mahfud sosok sepasang yang selalu peduli dgn rakyat,
Fri Dec 15 17:55:06 +0000 2023,Ganjar Mahfud pemimpin ideal bagi bangsa Indonesia #GanjarMahfud #GanjarMahfud2024 #IndonesiaUnggul https://t.co/kWEBccFGOC,
Fri Dec 15 17:55:05 +0000 2023,Ganjar Mahfud akan membangun Indonesia Unggul #GanjarMahfud #GanjarMahfud2024 #IndonesiaUnggul https://t.co/vuAbqnRzXX,
Fri Dec 15 17:55:04 +0000 2023,Ganjar Mahfud unggul karena dicintai masyarakat #GanjarMahfud #GanjarMahfud2024 #IndonesiaUnggul https://t.co/cRYXDc9ydm,
Fri Dec 15 17:54:29 +0000 2023,@Gus_Raharjo pak ganjar mahfud yok pak selesaikan hukum ham yang sudah diinjak gini yakin pak ganjar mahfud mampu dah,
Fri Dec 15 17:53:30 +0000 2023,"mari wujudkan impian bersama,dengan ganjar mahfud untuk negri ini  #KerjaB3rsamaGanjar https://t.co/1nnwz5E1Mo",
Fri Dec 15 17:52:34 +0000 2023,@officialinews_ banyak dukungan positif yang mendukung ganjar mahfud,
Fri Dec 15 17:51:00 +0000 2023,@Gus_Raharjo yok yok era pak ganjar mahfud pasti ham akan segera terselesaikan dengan cara swt set wet wetya kan,
Fri Dec 15 17:50:23 +0000 2023,@ganjarpranowo Masalah seperti ini terjadi diberbagai tempat semoga bisa dituntaskan bersama Ganjar Mahfud menang,
Fri Dec 15 17:49:32 +0000 2023,@ganjarpranowo Sy dan keluarga pasti dukung Ganjar Mahfud MD,
Fri Dec 15 17:49:02 +0000 2023,Paku Bumi Banten Abuya Muhtadi Tegas Dukung Ganjar-Mahfud  Trend: RSHS Ginting Tegal https://t.co/A73yAsfPaV,
Fri Dec 15 17:48:11 +0000 2023,@ganjarpranowo Semoga bersama kemenangan Ganjar Mahfud harapan warga Karawang terwujudkan,
Fri Dec 15 17:46:51 +0000 2023,@ganjarpranowo Mari serentak berdampak mewujudkan Indonesia berkeadilan bersama pasangan Ganjar Mahfud,
Fri Dec 15 17:46:34 +0000 2023,@officialinews_ Pokonya Ganjar-mahfud terbaik gaspol ğŸ¤ŸğŸ»,
Fri Dec 15 17:45:16 +0000 2023,@ganjarpranowo Sebagai kalangan perempuan muda pemilih pemula semakin yakin bersama Ganjar Mahfud mewujudkan Indonesia berkeadilan,
Fri Dec 15 17:44:27 +0000 2023,@ganjarpranowo Semoga harapan warga Karawang terwujudkan bersama pasangan Ganjar Mahfud menang,
Fri Dec 15 17:44:17 +0000 2023,@okezonenews Kami selalu bergerak menangkan ganjar mahfud,
Fri Dec 15 17:43:59 +0000 2023,@ganjarpranowo Komitmen pak Ganjar &amp  pak Mahfud pemberantasan korupsi dan adil merata seluruh pelosok negeri.,
Fri Dec 15 17:39:30 +0000 2023,Ganjar mahfud sat set buka lapangan pekerjaan  #KerjaB3rsamaGanjar https://t.co/c01rqHFaNb,
Fri Dec 15 17:39:00 +0000 2023,Ini Keunggulan Program KTP Sakti Capres Ganjar Pranowo #LanjutGAN #LanjutGANsemuakerja #LanjutGANsemuamurah #GanjarSikatKorupsi #GanjarMahfud #GanjarPranowo #GerakCepat #MahfudMD #IndonesiaUnggul #IndonesiaLebihBaik  https://t.co/T8tGbvLEAl,
Fri Dec 15 17:38:55 +0000 2023,"@SINDOnews Semangat terus untuk pak ganjar mahfud memberikan yang terbaik untuk rakyatnya dalam segala bidang tanpa membedakan bedakan,lanjutkann pak",
Fri Dec 15 17:37:03 +0000 2023,"@liputan6dotcom Waduh ada yang takut kalah saing nih sampai copot baliho segala wkwkwk, apapun yang terjadi tetap dukung pak Ganjar-Mahfud pokoknya ğŸ”¥ğŸ¤Ÿ",
Fri Dec 15 17:36:06 +0000 2023,"Memang itu sebuah hal yg sangat Potensial. Tapi, jika BU MEGA dan BU PUAN tetap tegak lurus dgn janji Capres-Cawapresnya yg Nanti akan memimpin Nusantara, wah... Saya rasa Swingvoter akan kembali mempertimbangkan Ganjar-Mahfud.",
Fri Dec 15 17:35:52 +0000 2023,Ulama besar Abuya Muhtadi dukung Ganjar Mahfud jadi Presiden  || RSHS Gacoan Surabaya | Kapolres Ginting Fajri| Ulama Na PD Kodai| #BungkamDenganKarya || https://t.co/7fw8vtZkac,
Fri Dec 15 17:35:23 +0000 2023,@rmol_id Sukses selalu pak Ganjar dan pak Mahfud,
Fri Dec 15 17:34:20 +0000 2023,@kompascom All in Pak Ganjar-Mahfud ğŸ”¥ğŸ¤Ÿ,
Fri Dec 15 17:34:09 +0000 2023,@kumparan Semangat selalu pak Ganjar-Mahfud,
Fri Dec 15 17:33:26 +0000 2023,"@BeBuzzerNKRI @narkosun Slow bro. Ini survei rujukan pendukung Ganjar Mahfud. Ini akan kami balikkin, seperti ini, tinggal kami bergerak di akar rumput. Gak perlu menang survei intimidasi, terbukti 2014 dan 2019 Survei dimenangkan Prabowo nyatanya Pak Jokowi yang menang.ğŸ˜‚ğŸ˜‚",
Fri Dec 15 17:33:08 +0000 2023,@SINDOnews Selalu dukung Pak Ganjar-Mahfud,
Fri Dec 15 17:32:34 +0000 2023,@tvOneNews Gasspol dukung GanjarMahfud teruss sakjosee,
Fri Dec 15 17:32:30 +0000 2023,@officialinews_ Saya akan selalu memilih pak Ganjar-Mahfud,
Fri Dec 15 17:32:19 +0000 2023,pak ganjar mahfud emang selalu tau apa yang di butuhkan masyarakat  #KerjaB3rsamaGanjar https://t.co/mBvXmPnJCp,
Fri Dec 15 17:30:42 +0000 2023,"@seruanhl @Aryprasetyo85 @selfmirror_ @BiLLRaY2019 @007koteka @denni_sauya @03__nakula pak Ganjar-Mahfud membawa harapan baru dengan janji 17 juta lapangan kerja, semoga terwujudkan #KerjaB3rsamaGanjar",
Fri Dec 15 17:30:03 +0000 2023,KTP SAKTI GANJAR-MAHFUD!!!!  Berbagai macam manfaat bisa Sahabat dapatkan melalui KTP SAKTI!!  Apa saja keuntungannya? Mendingan langsung kita simak gaess video lengkapnya. @ganjarpranowo #SahabatGanjar  #GanjarMahfud202 Gempa Tegal https://t.co/VjywRCpIhA,
Fri Dec 15 17:30:02 +0000 2023,Pak Ganjar Mahfud selalu mempunyai gagasan yang luar biasa untuk rakyatnya #KerjaB3rsamaGanjar https://t.co/iIHmJAK9aI,
